title,category,category_ja,slug,jobtag_id,pay_jpy,num_jobs,entry_education,url,match_quality
ハウス野菜栽培者,"Agriculture, Forestry & Fishing",農林漁業,occ-505,505,3518000,290556,専門学校卒,https://shigoto.mhlw.go.jp/User/Occupation/Detail/505,jobtag_v7
ブリーダー,"Agriculture, Forestry & Fishing",農林漁業,occ-500,500,3518000,38618,専門学校卒,https://shigoto.mhlw.go.jp/User/Occupation/Detail/500,jobtag_v7
動物園飼育員,"Agriculture, Forestry & Fishing",農林漁業,occ-220,220,3518000,38618,大学卒,https://shigoto.mhlw.go.jp/User/Occupation/Detail/220,jobtag_v7
厩舎スタッフ,"Agriculture, Forestry & Fishing",農林漁業,occ-218,218,3518000,38617,大学院卒,https://shigoto.mhlw.go.jp/User/Occupation/Detail/218,jobtag_v7
林業作業,"Agriculture, Forestry & Fishing",農林漁業,occ-230,230,3518000,17480,大学院卒,https://shigoto.mhlw.go.jp/User/Occupation/Detail/230,jobtag_v7
果樹栽培者,"Agriculture, Forestry & Fishing",農林漁業,occ-506,506,3518000,290556,大学卒,https://shigoto.mhlw.go.jp/User/Occupation/Detail/506,jobtag_v7
植物工場の栽培管理,"Agriculture, Forestry & Fishing",農林漁業,occ-249,249,3518000,290556,大学卒,https://shigoto.mhlw.go.jp/User/Occupation/Detail/249,jobtag_v7
水産養殖従事者,"Agriculture, Forestry & Fishing",農林漁業,occ-503,503,3518000,16990,大学卒,https://shigoto.mhlw.go.jp/User/Occupation/Detail/503,jobtag_v7
沿岸漁業従事者,"Agriculture, Forestry & Fishing",農林漁業,occ-509,509,3518000,66470,大学院卒,https://shigoto.mhlw.go.jp/User/Occupation/Detail/509,jobtag_v7
稲作農業者,"Agriculture, Forestry & Fishing",農林漁業,occ-504,504,3518000,290556,大学院卒,https://shigoto.mhlw.go.jp/User/Occupation/Detail/504,jobtag_v7
花き栽培者,"Agriculture, Forestry & Fishing",農林漁業,occ-507,507,3518000,290556,大学卒,https://shigoto.mhlw.go.jp/User/Occupation/Detail/507,jobtag_v7
造園工,"Agriculture, Forestry & Fishing",農林漁業,occ-222,222,3518000,122810,大学院卒,https://shigoto.mhlw.go.jp/User/Occupation/Detail/222,jobtag_v7
酪農従事者,"Agriculture, Forestry & Fishing",農林漁業,occ-502,502,3518000,38617,大学院卒,https://shigoto.mhlw.go.jp/User/Occupation/Detail/502,jobtag_v7
IR広報担当,Clerical & Administrative,事務的職業,occ-445,445,4814000,124596,大学院卒,https://shigoto.mhlw.go.jp/User/Occupation/Detail/445,jobtag_v7
NPO法人職員（企画・運営）,Clerical & Administrative,事務的職業,occ-522,522,6907000,124596,専門学校卒,https://shigoto.mhlw.go.jp/User/Occupation/Detail/522,jobtag_v7
Webマーケティング（ネット広告・販売促進）,Clerical & Administrative,事務的職業,occ-240,240,6907000,124596,大学卒,https://shigoto.mhlw.go.jp/User/Occupation/Detail/240,jobtag_v7
アニメ制作進行管理,Clerical & Administrative,事務的職業,occ-553,553,4814000,124595,専門学校卒,https://shigoto.mhlw.go.jp/User/Occupation/Detail/553,jobtag_v7
イベントの企画・運営,Clerical & Administrative,事務的職業,occ-566,566,6907000,124595,大学院卒,https://shigoto.mhlw.go.jp/User/Occupation/Detail/566,jobtag_v7
キッティング作業員（PCセットアップ作業員）,Clerical & Administrative,事務的職業,occ-531,531,3562000,22720,大学院卒,https://shigoto.mhlw.go.jp/User/Occupation/Detail/531,jobtag_v7
コンプライアンス推進担当,Clerical & Administrative,事務的職業,occ-447,447,4814000,124596,大学院卒,https://shigoto.mhlw.go.jp/User/Occupation/Detail/447,jobtag_v7
コールセンターオペレーター,Clerical & Administrative,事務的職業,occ-64,64,3936000,146270,大学院卒,https://shigoto.mhlw.go.jp/User/Occupation/Detail/64,jobtag_v7
タクシー配車オペレーター,Clerical & Administrative,事務的職業,occ-200,200,5060000,72610,高卒,https://shigoto.mhlw.go.jp/User/Occupation/Detail/200,jobtag_v7
ディスパッチャー（航空機運航管理者）,Clerical & Administrative,事務的職業,occ-204,204,5060000,72610,大学院卒,https://shigoto.mhlw.go.jp/User/Occupation/Detail/204,jobtag_v7
データ入力,Clerical & Administrative,事務的職業,occ-429,429,3562000,155710,専門学校卒,https://shigoto.mhlw.go.jp/User/Occupation/Detail/429,jobtag_v7
ネット通販の企画開発,Clerical & Administrative,事務的職業,occ-238,238,6907000,124595,大学院卒,https://shigoto.mhlw.go.jp/User/Occupation/Detail/238,jobtag_v7
ネット通販の運営,Clerical & Administrative,事務的職業,occ-239,239,4814000,124595,大学院卒,https://shigoto.mhlw.go.jp/User/Occupation/Detail/239,jobtag_v7
パラリーガル（弁護士補助職）,Clerical & Administrative,事務的職業,occ-425,425,4814000,124596,大学卒,https://shigoto.mhlw.go.jp/User/Occupation/Detail/425,jobtag_v7
フランチャイズチェーン・スーパーバイザー,Clerical & Administrative,事務的職業,occ-75,75,5119000,174488,大学院卒,https://shigoto.mhlw.go.jp/User/Occupation/Detail/75,jobtag_v7
プロスポーツ運営団体職員（企画・運営）,Clerical & Administrative,事務的職業,occ-554,554,6907000,124595,大学卒,https://shigoto.mhlw.go.jp/User/Occupation/Detail/554,jobtag_v7
マンション管理フロント,Clerical & Administrative,事務的職業,occ-474,474,4814000,124595,大学院卒,https://shigoto.mhlw.go.jp/User/Occupation/Detail/474,jobtag_v7
マーケティング・リサーチャー,Clerical & Administrative,事務的職業,occ-456,456,6907000,124595,専門学校卒,https://shigoto.mhlw.go.jp/User/Occupation/Detail/456,jobtag_v7
マーチャンダイザー、バイヤー,Clerical & Administrative,事務的職業,occ-544,544,4730000,29500,,https://shigoto.mhlw.go.jp/User/Occupation/Detail/544,jobtag_v7
一般事務,Clerical & Administrative,事務的職業,occ-428,428,5296000,2639330,専門学校卒,https://shigoto.mhlw.go.jp/User/Occupation/Detail/428,jobtag_v7
人事事務,Clerical & Administrative,事務的職業,occ-432,432,5135000,264333,大学卒,https://shigoto.mhlw.go.jp/User/Occupation/Detail/432,jobtag_v7
介護事務,Clerical & Administrative,事務的職業,occ-436,436,4814000,124595,大学院卒,https://shigoto.mhlw.go.jp/User/Occupation/Detail/436,jobtag_v7
企業法務担当,Clerical & Administrative,事務的職業,occ-446,446,4814000,124596,大学院卒,https://shigoto.mhlw.go.jp/User/Occupation/Detail/446,jobtag_v7
企画・調査担当,Clerical & Administrative,事務的職業,occ-434,434,6907000,124595,大学院卒,https://shigoto.mhlw.go.jp/User/Occupation/Detail/434,jobtag_v7
入国審査官,Clerical & Administrative,事務的職業,occ-517,517,4814000,124595,大学院卒,https://shigoto.mhlw.go.jp/User/Occupation/Detail/517,jobtag_v7
内部監査人,Clerical & Administrative,事務的職業,occ-469,469,5135000,264333,大学院卒,https://shigoto.mhlw.go.jp/User/Occupation/Detail/469,jobtag_v7
出荷・受荷事務,Clerical & Administrative,事務的職業,occ-542,542,5211000,292325,大学卒,https://shigoto.mhlw.go.jp/User/Occupation/Detail/542,jobtag_v7
医療事務,Clerical & Administrative,事務的職業,occ-443,443,4814000,124595,専門学校卒,https://shigoto.mhlw.go.jp/User/Occupation/Detail/443,jobtag_v7
受付事務,Clerical & Administrative,事務的職業,occ-427,427,3564000,369800,大学院卒,https://shigoto.mhlw.go.jp/User/Occupation/Detail/427,jobtag_v7
商品企画開発（チェーンストア）,Clerical & Administrative,事務的職業,occ-461,461,6907000,124595,大学院卒,https://shigoto.mhlw.go.jp/User/Occupation/Detail/461,jobtag_v7
営業事務,Clerical & Administrative,事務的職業,occ-431,431,5119000,174488,大学院卒,https://shigoto.mhlw.go.jp/User/Occupation/Detail/431,jobtag_v7
国家公務員（行政事務）,Clerical & Administrative,事務的職業,occ-138,138,4814000,124596,大学院卒,https://shigoto.mhlw.go.jp/User/Occupation/Detail/138,jobtag_v7
国際公務員,Clerical & Administrative,事務的職業,occ-151,151,4814000,124596,大学院卒,https://shigoto.mhlw.go.jp/User/Occupation/Detail/151,jobtag_v7
地方公務員（行政事務）,Clerical & Administrative,事務的職業,occ-139,139,4814000,124596,大学院卒,https://shigoto.mhlw.go.jp/User/Occupation/Detail/139,jobtag_v7
外務公務員（外交官）,Clerical & Administrative,事務的職業,occ-150,150,4814000,124596,大学院卒,https://shigoto.mhlw.go.jp/User/Occupation/Detail/150,jobtag_v7
太陽光発電の企画・調査,Clerical & Administrative,事務的職業,occ-234,234,6907000,124595,大学卒,https://shigoto.mhlw.go.jp/User/Occupation/Detail/234,jobtag_v7
学校事務,Clerical & Administrative,事務的職業,occ-442,442,4814000,124595,大学院卒,https://shigoto.mhlw.go.jp/User/Occupation/Detail/442,jobtag_v7
学校事務（私立大学）,Clerical & Administrative,事務的職業,occ-567,567,4814000,124595,大学卒,https://shigoto.mhlw.go.jp/User/Occupation/Detail/567,jobtag_v7
広報・PR担当,Clerical & Administrative,事務的職業,occ-444,444,5135000,264332,大学卒,https://shigoto.mhlw.go.jp/User/Occupation/Detail/444,jobtag_v7
損害保険事務,Clerical & Administrative,事務的職業,occ-440,440,5119000,174488,大学卒,https://shigoto.mhlw.go.jp/User/Occupation/Detail/440,jobtag_v7
旅行会社カウンター係,Clerical & Administrative,事務的職業,occ-109,109,5119000,174488,大学卒,https://shigoto.mhlw.go.jp/User/Occupation/Detail/109,jobtag_v7
検針員,Clerical & Administrative,事務的職業,occ-74,74,4265000,34250,大学院卒,https://shigoto.mhlw.go.jp/User/Occupation/Detail/74,jobtag_v7
生産・工程管理事務,Clerical & Administrative,事務的職業,occ-437,437,5211000,292325,大学院卒,https://shigoto.mhlw.go.jp/User/Occupation/Detail/437,jobtag_v7
秘書,Clerical & Administrative,事務的職業,occ-426,426,5548000,124595,大学卒,https://shigoto.mhlw.go.jp/User/Occupation/Detail/426,jobtag_v7
税務事務官,Clerical & Administrative,事務的職業,occ-149,149,5093000,507867,大学院卒,https://shigoto.mhlw.go.jp/User/Occupation/Detail/149,jobtag_v7
経理事務,Clerical & Administrative,事務的職業,occ-430,430,5093000,507867,,https://shigoto.mhlw.go.jp/User/Occupation/Detail/430,jobtag_v7
総務事務,Clerical & Administrative,事務的職業,occ-433,433,5135000,264332,大学院卒,https://shigoto.mhlw.go.jp/User/Occupation/Detail/433,jobtag_v7
臨床開発モニター,Clerical & Administrative,事務的職業,occ-530,530,4814000,124595,大学院卒,https://shigoto.mhlw.go.jp/User/Occupation/Detail/530,jobtag_v7
診療情報管理士,Clerical & Administrative,事務的職業,occ-174,174,4814000,124595,大学院卒,https://shigoto.mhlw.go.jp/User/Occupation/Detail/174,jobtag_v7
調剤薬局事務,Clerical & Administrative,事務的職業,occ-435,435,4814000,124595,大学院卒,https://shigoto.mhlw.go.jp/User/Occupation/Detail/435,jobtag_v7
貿易事務,Clerical & Administrative,事務的職業,occ-439,439,5119000,174488,大学院卒,https://shigoto.mhlw.go.jp/User/Occupation/Detail/439,jobtag_v7
通信販売受付事務,Clerical & Administrative,事務的職業,occ-441,441,3936000,146270,大学院卒,https://shigoto.mhlw.go.jp/User/Occupation/Detail/441,jobtag_v7
郵便局郵便窓口業務,Clerical & Administrative,事務的職業,occ-543,543,5060000,146590,大学院卒,https://shigoto.mhlw.go.jp/User/Occupation/Detail/543,jobtag_v7
鉄道運転計画・運行管理,Clerical & Administrative,事務的職業,occ-196,196,5060000,72610,大学卒,https://shigoto.mhlw.go.jp/User/Occupation/Detail/196,jobtag_v7
銀行等窓口事務,Clerical & Administrative,事務的職業,occ-438,438,5093000,507866,大学院卒,https://shigoto.mhlw.go.jp/User/Occupation/Detail/438,jobtag_v7
風力発電の企画・調査,Clerical & Administrative,事務的職業,occ-577,577,6907000,124595,大学卒,https://shigoto.mhlw.go.jp/User/Occupation/Detail/577,jobtag_v7
駅務員,Clerical & Administrative,事務的職業,occ-195,195,5060000,108915,大学卒,https://shigoto.mhlw.go.jp/User/Occupation/Detail/195,jobtag_v7
とび,Construction & Mining,建設・採掘の職業,occ-30,30,5060000,55970,,https://shigoto.mhlw.go.jp/User/Occupation/Detail/30,jobtag_v7
サッシ取付,Construction & Mining,建設・採掘の職業,occ-41,41,4534000,215844,大学院卒,https://shigoto.mhlw.go.jp/User/Occupation/Detail/41,jobtag_v7
タイル工,Construction & Mining,建設・採掘の職業,occ-38,38,4534000,12255,大学院卒,https://shigoto.mhlw.go.jp/User/Occupation/Detail/38,jobtag_v7
ブロック積み,Construction & Mining,建設・採掘の職業,occ-37,37,4534000,12255,大学院卒,https://shigoto.mhlw.go.jp/User/Occupation/Detail/37,jobtag_v7
保温工事,Construction & Mining,建設・採掘の職業,occ-45,45,4534000,323765,大学院卒,https://shigoto.mhlw.go.jp/User/Occupation/Detail/45,jobtag_v7
内装工,Construction & Mining,建設・採掘の職業,occ-42,42,4534000,215843,専門学校卒,https://shigoto.mhlw.go.jp/User/Occupation/Detail/42,jobtag_v7
型枠大工,Construction & Mining,建設・採掘の職業,occ-27,27,5060000,40840,大学院卒,https://shigoto.mhlw.go.jp/User/Occupation/Detail/27,jobtag_v7
大工,Construction & Mining,建設・採掘の職業,occ-26,26,4487000,297900,大学院卒,https://shigoto.mhlw.go.jp/User/Occupation/Detail/26,jobtag_v7
左官,Construction & Mining,建設・採掘の職業,occ-39,39,4534000,59890,大学院卒,https://shigoto.mhlw.go.jp/User/Occupation/Detail/39,jobtag_v7
建設・土木作業員,Construction & Mining,建設・採掘の職業,occ-32,32,4151000,228450,高卒,https://shigoto.mhlw.go.jp/User/Occupation/Detail/32,jobtag_v7
舗装工,Construction & Mining,建設・採掘の職業,occ-36,36,4151000,228450,,https://shigoto.mhlw.go.jp/User/Occupation/Detail/36,jobtag_v7
解体工,Construction & Mining,建設・採掘の職業,occ-51,51,5060000,55970,大学院卒,https://shigoto.mhlw.go.jp/User/Occupation/Detail/51,jobtag_v7
送電線工事,Construction & Mining,建設・採掘の職業,occ-50,50,5476000,47430,専門学校卒,https://shigoto.mhlw.go.jp/User/Occupation/Detail/50,jobtag_v7
配管工,Construction & Mining,建設・採掘の職業,occ-47,47,4859000,220720,大学院卒,https://shigoto.mhlw.go.jp/User/Occupation/Detail/47,jobtag_v7
鉄筋工,Construction & Mining,建設・採掘の職業,occ-28,28,5060000,28990,専門学校卒,https://shigoto.mhlw.go.jp/User/Occupation/Detail/28,jobtag_v7
鉄道線路管理,Construction & Mining,建設・採掘の職業,occ-49,49,4151000,24750,大学卒,https://shigoto.mhlw.go.jp/User/Occupation/Detail/49,jobtag_v7
防水工,Construction & Mining,建設・採掘の職業,occ-44,44,4534000,215843,大学院卒,https://shigoto.mhlw.go.jp/User/Occupation/Detail/44,jobtag_v7
電気工事士,Construction & Mining,建設・採掘の職業,occ-46,46,5476000,379510,大学院卒,https://shigoto.mhlw.go.jp/User/Occupation/Detail/46,jobtag_v7
こん包作業員,Logistics & Cleaning,運搬・清掃・包装等の職業,occ-498,498,3945000,285050,大学院卒,https://shigoto.mhlw.go.jp/User/Occupation/Detail/498,jobtag_v7
ごみ収集作業員,Logistics & Cleaning,運搬・清掃・包装等の職業,occ-494,494,3998000,119970,大学院卒,https://shigoto.mhlw.go.jp/User/Occupation/Detail/494,jobtag_v7
ハウスクリーニング,Logistics & Cleaning,運搬・清掃・包装等の職業,occ-487,487,3998000,27760,大学院卒,https://shigoto.mhlw.go.jp/User/Occupation/Detail/487,jobtag_v7
バックヤード作業員（スーパー食品部門）,Logistics & Cleaning,運搬・清掃・包装等の職業,occ-491,491,3454000,383404,大学院卒,https://shigoto.mhlw.go.jp/User/Occupation/Detail/491,jobtag_v7
ビル清掃,Logistics & Cleaning,運搬・清掃・包装等の職業,occ-97,97,2863000,910680,大学院卒,https://shigoto.mhlw.go.jp/User/Occupation/Detail/97,jobtag_v7
ピッキング作業員,Logistics & Cleaning,運搬・清掃・包装等の職業,occ-486,486,3454000,383403,大学院卒,https://shigoto.mhlw.go.jp/User/Occupation/Detail/486,jobtag_v7
ペストコントロール従事者（害虫等防除・駆除従事者）,Logistics & Cleaning,運搬・清掃・包装等の職業,occ-488,488,3998000,45455,大学卒,https://shigoto.mhlw.go.jp/User/Occupation/Detail/488,jobtag_v7
倉庫作業員,Logistics & Cleaning,運搬・清掃・包装等の職業,occ-485,485,3945000,273930,大学院卒,https://shigoto.mhlw.go.jp/User/Occupation/Detail/485,jobtag_v7
客室清掃・整備担当（ホテル・旅館）,Logistics & Cleaning,運搬・清掃・包装等の職業,occ-415,415,3383000,887020,大学院卒,https://shigoto.mhlw.go.jp/User/Occupation/Detail/415,jobtag_v7
工場労務作業員,Logistics & Cleaning,運搬・清掃・包装等の職業,occ-490,490,3454000,383403,大学院卒,https://shigoto.mhlw.go.jp/User/Occupation/Detail/490,jobtag_v7
引越作業員,Logistics & Cleaning,運搬・清掃・包装等の職業,occ-201,201,3945000,122550,高卒,https://shigoto.mhlw.go.jp/User/Occupation/Detail/201,jobtag_v7
港湾荷役作業員,Logistics & Cleaning,運搬・清掃・包装等の職業,occ-499,499,5915000,14220,大学院卒,https://shigoto.mhlw.go.jp/User/Occupation/Detail/499,jobtag_v7
積卸作業員,Logistics & Cleaning,運搬・清掃・包装等の職業,occ-497,497,3945000,122550,大学院卒,https://shigoto.mhlw.go.jp/User/Occupation/Detail/497,jobtag_v7
製品包装作業員,Logistics & Cleaning,運搬・清掃・包装等の職業,occ-489,489,3080000,274230,専門学校卒,https://shigoto.mhlw.go.jp/User/Occupation/Detail/489,jobtag_v7
鉄道車両清掃,Logistics & Cleaning,運搬・清掃・包装等の職業,occ-98,98,3998000,45455,大学院卒,https://shigoto.mhlw.go.jp/User/Occupation/Detail/98,jobtag_v7
スーパー店長,Management,管理的職業,occ-55,55,3694000,303970,,https://shigoto.mhlw.go.jp/User/Occupation/Detail/55,jobtag_v7
ハンバーガーショップ店長,Management,管理的職業,occ-104,104,3584000,114270,大学院卒,https://shigoto.mhlw.go.jp/User/Occupation/Detail/104,jobtag_v7
人事課長,Management,管理的職業,occ-537,537,9172000,24084,大学院卒,https://shigoto.mhlw.go.jp/User/Occupation/Detail/537,jobtag_v7
会社経営者,Management,管理的職業,occ-514,514,9130000,456745,大学院卒,https://shigoto.mhlw.go.jp/User/Occupation/Detail/514,jobtag_v7
営業課長,Management,管理的職業,occ-539,539,9172000,24084,大学院卒,https://shigoto.mhlw.go.jp/User/Occupation/Detail/539,jobtag_v7
国会議員,Management,管理的職業,occ-512,512,7800000,51870,,https://shigoto.mhlw.go.jp/User/Occupation/Detail/512,jobtag_v7
経理課長,Management,管理的職業,occ-538,538,9172000,24084,大学院卒,https://shigoto.mhlw.go.jp/User/Occupation/Detail/538,jobtag_v7
総務課長,Management,管理的職業,occ-536,536,9172000,24084,大学院卒,https://shigoto.mhlw.go.jp/User/Occupation/Detail/536,jobtag_v7
航空機開発エンジニア（ジェットエンジン）,Management,管理的職業,occ-311,311,6694000,48564,大学院卒,https://shigoto.mhlw.go.jp/User/Occupation/Detail/311,jobtag_v7
起業、創業,Management,管理的職業,occ-250,250,9130000,456745,大学院卒,https://shigoto.mhlw.go.jp/User/Occupation/Detail/250,jobtag_v7
銀行支店長,Management,管理的職業,occ-53,53,9172000,24084,大学院卒,https://shigoto.mhlw.go.jp/User/Occupation/Detail/53,jobtag_v7
3Dプリンター技術者,Production & Manufacturing,生産工程の職業,occ-584,584,4125000,59857,,https://shigoto.mhlw.go.jp/User/Occupation/Detail/584,jobtag_v7
CADオペレーター,Production & Manufacturing,生産工程の職業,occ-25,25,4538000,289300,専門学校卒,https://shigoto.mhlw.go.jp/User/Occupation/Detail/25,jobtag_v7
NC工作機械オペレーター,Production & Manufacturing,生産工程の職業,occ-256,256,4656000,76070,高卒,https://shigoto.mhlw.go.jp/User/Occupation/Detail/256,jobtag_v7
かばん・袋物製造,Production & Manufacturing,生産工程の職業,occ-290,290,4125000,59857,大学院卒,https://shigoto.mhlw.go.jp/User/Occupation/Detail/290,jobtag_v7
かん詰・びん詰・レトルト食品製造,Production & Manufacturing,生産工程の職業,occ-15,15,3662000,613740,大学院卒,https://shigoto.mhlw.go.jp/User/Occupation/Detail/15,jobtag_v7
しょうゆ製造,Production & Manufacturing,生産工程の職業,occ-11,11,3662000,153435,大学卒,https://shigoto.mhlw.go.jp/User/Occupation/Detail/11,jobtag_v7
みそ製造,Production & Manufacturing,生産工程の職業,occ-10,10,3662000,153435,大学卒,https://shigoto.mhlw.go.jp/User/Occupation/Detail/10,jobtag_v7
めっき工,Production & Manufacturing,生産工程の職業,occ-257,257,4621000,37220,高卒,https://shigoto.mhlw.go.jp/User/Occupation/Detail/257,jobtag_v7
アニメーター,Production & Manufacturing,生産工程の職業,occ-343,343,4424000,58245,専門学校卒,https://shigoto.mhlw.go.jp/User/Occupation/Detail/343,jobtag_v7
エレベーター据付,Production & Manufacturing,生産工程の職業,occ-48,48,4913000,111457,大学院卒,https://shigoto.mhlw.go.jp/User/Occupation/Detail/48,jobtag_v7
ガラス食器製造,Production & Manufacturing,生産工程の職業,occ-18,18,4613000,46590,大学院卒,https://shigoto.mhlw.go.jp/User/Occupation/Detail/18,jobtag_v7
タイヤ製造,Production & Manufacturing,生産工程の職業,occ-297,297,4389000,149440,高卒,https://shigoto.mhlw.go.jp/User/Occupation/Detail/297,jobtag_v7
ハム・ソーセージ・ベーコン製造,Production & Manufacturing,生産工程の職業,occ-12,12,3662000,153435,大学卒,https://shigoto.mhlw.go.jp/User/Occupation/Detail/12,jobtag_v7
パタンナー,Production & Manufacturing,生産工程の職業,occ-341,341,4424000,58245,大学卒,https://shigoto.mhlw.go.jp/User/Occupation/Detail/341,jobtag_v7
パン製造、パン職人,Production & Manufacturing,生産工程の職業,occ-2,2,3662000,409160,大学院卒,https://shigoto.mhlw.go.jp/User/Occupation/Detail/2,jobtag_v7
ビール製造,Production & Manufacturing,生産工程の職業,occ-14,14,3662000,15050,大学院卒,https://shigoto.mhlw.go.jp/User/Occupation/Detail/14,jobtag_v7
プラスチック成形,Production & Manufacturing,生産工程の職業,occ-19,19,4389000,149440,大学院卒,https://shigoto.mhlw.go.jp/User/Occupation/Detail/19,jobtag_v7
ミシン縫製,Production & Manufacturing,生産工程の職業,occ-280,280,3049000,68593,大学院卒,https://shigoto.mhlw.go.jp/User/Occupation/Detail/280,jobtag_v7
ワイン製造,Production & Manufacturing,生産工程の職業,occ-13,13,3662000,15050,大学卒,https://shigoto.mhlw.go.jp/User/Occupation/Detail/13,jobtag_v7
乳製品製造,Production & Manufacturing,生産工程の職業,occ-5,5,3662000,153435,,https://shigoto.mhlw.go.jp/User/Occupation/Detail/5,jobtag_v7
光学機器組立,Production & Manufacturing,生産工程の職業,occ-263,263,4465000,21830,大学院卒,https://shigoto.mhlw.go.jp/User/Occupation/Detail/263,jobtag_v7
化学製品製造オペレーター,Production & Manufacturing,生産工程の職業,occ-300,300,5365000,43928,大学卒,https://shigoto.mhlw.go.jp/User/Occupation/Detail/300,jobtag_v7
化粧品製造,Production & Manufacturing,生産工程の職業,occ-298,298,5365000,43928,短大卒,https://shigoto.mhlw.go.jp/User/Occupation/Detail/298,jobtag_v7
医療用画像機器組立,Production & Manufacturing,生産工程の職業,occ-277,277,4287000,121440,大学卒,https://shigoto.mhlw.go.jp/User/Occupation/Detail/277,jobtag_v7
医薬品製造,Production & Manufacturing,生産工程の職業,occ-295,295,5365000,43928,大学卒,https://shigoto.mhlw.go.jp/User/Occupation/Detail/295,jobtag_v7
半導体製造,Production & Manufacturing,生産工程の職業,occ-268,268,4287000,121440,専門学校卒,https://shigoto.mhlw.go.jp/User/Occupation/Detail/268,jobtag_v7
印刷オペレーター,Production & Manufacturing,生産工程の職業,occ-360,360,4634000,60234,高卒,https://shigoto.mhlw.go.jp/User/Occupation/Detail/360,jobtag_v7
合板製造,Production & Manufacturing,生産工程の職業,occ-282,282,4092000,54632,,https://shigoto.mhlw.go.jp/User/Occupation/Detail/282,jobtag_v7
和菓子製造、和菓子職人,Production & Manufacturing,生産工程の職業,occ-4,4,3662000,409160,専門学校卒,https://shigoto.mhlw.go.jp/User/Occupation/Detail/4,jobtag_v7
太陽光発電のメンテナンス,Production & Manufacturing,生産工程の職業,occ-236,236,5863000,31024,大学卒,https://shigoto.mhlw.go.jp/User/Occupation/Detail/236,jobtag_v7
家具製造,Production & Manufacturing,生産工程の職業,occ-283,283,4092000,54632,大学院卒,https://shigoto.mhlw.go.jp/User/Occupation/Detail/283,jobtag_v7
家電修理,Production & Manufacturing,生産工程の職業,occ-275,275,5863000,31023,専門学校卒,https://shigoto.mhlw.go.jp/User/Occupation/Detail/275,jobtag_v7
建具製造,Production & Manufacturing,生産工程の職業,occ-287,287,4092000,54632,専門学校卒,https://shigoto.mhlw.go.jp/User/Occupation/Detail/287,jobtag_v7
建築塗装工,Production & Manufacturing,生産工程の職業,occ-43,43,4424000,58245,大学院卒,https://shigoto.mhlw.go.jp/User/Occupation/Detail/43,jobtag_v7
建築板金,Production & Manufacturing,生産工程の職業,occ-40,40,4038000,73170,大学院卒,https://shigoto.mhlw.go.jp/User/Occupation/Detail/40,jobtag_v7
惣菜製造,Production & Manufacturing,生産工程の職業,occ-8,8,3662000,153435,大学院卒,https://shigoto.mhlw.go.jp/User/Occupation/Detail/8,jobtag_v7
木材製造,Production & Manufacturing,生産工程の職業,occ-281,281,4092000,54632,大学院卒,https://shigoto.mhlw.go.jp/User/Occupation/Detail/281,jobtag_v7
染色工/染色設備オペレーター,Production & Manufacturing,生産工程の職業,occ-279,279,3049000,68592,大学院卒,https://shigoto.mhlw.go.jp/User/Occupation/Detail/279,jobtag_v7
検査工（工業製品）,Production & Manufacturing,生産工程の職業,occ-526,526,4272000,42930,大学卒,https://shigoto.mhlw.go.jp/User/Occupation/Detail/526,jobtag_v7
検査工（食料品等）,Production & Manufacturing,生産工程の職業,occ-548,548,4260000,48280,大学卒,https://shigoto.mhlw.go.jp/User/Occupation/Detail/548,jobtag_v7
水産ねり製品製造,Production & Manufacturing,生産工程の職業,occ-6,6,3662000,153435,大学卒,https://shigoto.mhlw.go.jp/User/Occupation/Detail/6,jobtag_v7
汎用金属工作機械工（旋盤工、ボール盤工等）,Production & Manufacturing,生産工程の職業,occ-557,557,4656000,76070,高卒,https://shigoto.mhlw.go.jp/User/Occupation/Detail/557,jobtag_v7
清酒製造,Production & Manufacturing,生産工程の職業,occ-9,9,3662000,15050,大学院卒,https://shigoto.mhlw.go.jp/User/Occupation/Detail/9,jobtag_v7
溶接工,Production & Manufacturing,生産工程の職業,occ-255,255,4525000,163710,高卒,https://shigoto.mhlw.go.jp/User/Occupation/Detail/255,jobtag_v7
漆器製造,Production & Manufacturing,生産工程の職業,occ-291,291,4125000,59857,高卒,https://shigoto.mhlw.go.jp/User/Occupation/Detail/291,jobtag_v7
物流設備管理・保全,Production & Manufacturing,生産工程の職業,occ-269,269,5863000,133717,専門学校卒,https://shigoto.mhlw.go.jp/User/Occupation/Detail/269,jobtag_v7
玩具（おもちゃ）製作,Production & Manufacturing,生産工程の職業,occ-515,515,4125000,59856,専門学校卒,https://shigoto.mhlw.go.jp/User/Occupation/Detail/515,jobtag_v7
生産用機械組立,Production & Manufacturing,生産工程の職業,occ-265,265,4913000,111457,専門学校卒,https://shigoto.mhlw.go.jp/User/Occupation/Detail/265,jobtag_v7
産業用ロボットの保守・メンテナンス,Production & Manufacturing,生産工程の職業,occ-233,233,5863000,133717,大学卒,https://shigoto.mhlw.go.jp/User/Occupation/Detail/233,jobtag_v7
看板制作,Production & Manufacturing,生産工程の職業,occ-344,344,4424000,58245,大学院卒,https://shigoto.mhlw.go.jp/User/Occupation/Detail/344,jobtag_v7
石工,Production & Manufacturing,生産工程の職業,occ-306,306,4613000,46590,大学院卒,https://shigoto.mhlw.go.jp/User/Occupation/Detail/306,jobtag_v7
石油精製オペレーター,Production & Manufacturing,生産工程の職業,occ-299,299,5365000,43928,高卒,https://shigoto.mhlw.go.jp/User/Occupation/Detail/299,jobtag_v7
紙器製造,Production & Manufacturing,生産工程の職業,occ-285,285,4092000,54632,大学院卒,https://shigoto.mhlw.go.jp/User/Occupation/Detail/285,jobtag_v7
紡績機械オペレーター,Production & Manufacturing,生産工程の職業,occ-286,286,3049000,68593,大学院卒,https://shigoto.mhlw.go.jp/User/Occupation/Detail/286,jobtag_v7
紡織設備管理・保全,Production & Manufacturing,生産工程の職業,occ-284,284,5863000,133716,高卒,https://shigoto.mhlw.go.jp/User/Occupation/Detail/284,jobtag_v7
織布工/織機オペレーター,Production & Manufacturing,生産工程の職業,occ-278,278,3049000,68592,大学院卒,https://shigoto.mhlw.go.jp/User/Occupation/Detail/278,jobtag_v7
自動車整備士,Production & Manufacturing,生産工程の職業,occ-197,197,5131000,188035,大学院卒,https://shigoto.mhlw.go.jp/User/Occupation/Detail/197,jobtag_v7
自動車板金塗装,Production & Manufacturing,生産工程の職業,occ-558,558,5131000,188035,専門学校卒,https://shigoto.mhlw.go.jp/User/Occupation/Detail/558,jobtag_v7
自動車検査員,Production & Manufacturing,生産工程の職業,occ-579,579,5622000,87440,専門学校卒,https://shigoto.mhlw.go.jp/User/Occupation/Detail/579,jobtag_v7
自動車組立,Production & Manufacturing,生産工程の職業,occ-264,264,5632000,344560,大学院卒,https://shigoto.mhlw.go.jp/User/Occupation/Detail/264,jobtag_v7
航空整備士,Production & Manufacturing,生産工程の職業,occ-206,206,5581000,58640,大学院卒,https://shigoto.mhlw.go.jp/User/Occupation/Detail/206,jobtag_v7
花火師,Production & Manufacturing,生産工程の職業,occ-307,307,5365000,43928,,https://shigoto.mhlw.go.jp/User/Occupation/Detail/307,jobtag_v7
製本オペレーター,Production & Manufacturing,生産工程の職業,occ-361,361,4634000,60233,,https://shigoto.mhlw.go.jp/User/Occupation/Detail/361,jobtag_v7
製版オペレーター、DTPオペレーター,Production & Manufacturing,生産工程の職業,occ-359,359,4634000,60233,大学卒,https://shigoto.mhlw.go.jp/User/Occupation/Detail/359,jobtag_v7
計器組立,Production & Manufacturing,生産工程の職業,occ-266,266,4465000,21830,専門学校卒,https://shigoto.mhlw.go.jp/User/Occupation/Detail/266,jobtag_v7
豆腐製造、豆腐職人,Production & Manufacturing,生産工程の職業,occ-1,1,3662000,153435,大学院卒,https://shigoto.mhlw.go.jp/User/Occupation/Detail/1,jobtag_v7
貴金属装身具製作,Production & Manufacturing,生産工程の職業,occ-292,292,4125000,59857,専門学校卒,https://shigoto.mhlw.go.jp/User/Occupation/Detail/292,jobtag_v7
造船技能者（造船工、船舶艤装工等）,Production & Manufacturing,生産工程の職業,occ-547,547,4665000,26830,専門学校卒,https://shigoto.mhlw.go.jp/User/Occupation/Detail/547,jobtag_v7
配電盤・制御盤等組立,Production & Manufacturing,生産工程の職業,occ-559,559,4287000,121440,専門学校卒,https://shigoto.mhlw.go.jp/User/Occupation/Detail/559,jobtag_v7
野菜つけ物製造,Production & Manufacturing,生産工程の職業,occ-16,16,3662000,153435,大学院卒,https://shigoto.mhlw.go.jp/User/Occupation/Detail/16,jobtag_v7
金型工,Production & Manufacturing,生産工程の職業,occ-253,253,4724000,456990,高卒,https://shigoto.mhlw.go.jp/User/Occupation/Detail/253,jobtag_v7
金属プレス工,Production & Manufacturing,生産工程の職業,occ-254,254,4173000,61420,高卒,https://shigoto.mhlw.go.jp/User/Occupation/Detail/254,jobtag_v7
鉄鋼製造オペレーター,Production & Manufacturing,生産工程の職業,occ-259,259,5289000,39090,大学院卒,https://shigoto.mhlw.go.jp/User/Occupation/Detail/259,jobtag_v7
鉄骨工,Production & Manufacturing,生産工程の職業,occ-29,29,4665000,26830,専門学校卒,https://shigoto.mhlw.go.jp/User/Occupation/Detail/29,jobtag_v7
鋳造工/鋳造設備オペレーター,Production & Manufacturing,生産工程の職業,occ-251,251,4888000,18060,高卒,https://shigoto.mhlw.go.jp/User/Occupation/Detail/251,jobtag_v7
録音エンジニア,Production & Manufacturing,生産工程の職業,occ-213,213,4538000,61760,大学卒,https://shigoto.mhlw.go.jp/User/Occupation/Detail/213,jobtag_v7
鍛造工/鍛造設備オペレーター,Production & Manufacturing,生産工程の職業,occ-252,252,4888000,18060,高卒,https://shigoto.mhlw.go.jp/User/Occupation/Detail/252,jobtag_v7
陶磁器製造,Production & Manufacturing,生産工程の職業,occ-17,17,4613000,46590,大学卒,https://shigoto.mhlw.go.jp/User/Occupation/Detail/17,jobtag_v7
電子機器組立,Production & Manufacturing,生産工程の職業,occ-261,261,4287000,121440,大学院卒,https://shigoto.mhlw.go.jp/User/Occupation/Detail/261,jobtag_v7
非破壊検査技術者,Production & Manufacturing,生産工程の職業,occ-260,260,4272000,42930,大学院卒,https://shigoto.mhlw.go.jp/User/Occupation/Detail/260,jobtag_v7
靴製造,Production & Manufacturing,生産工程の職業,occ-289,289,4125000,59856,専門学校卒,https://shigoto.mhlw.go.jp/User/Occupation/Detail/289,jobtag_v7
風力発電のメンテナンス,Production & Manufacturing,生産工程の職業,occ-535,535,5863000,31023,高卒,https://shigoto.mhlw.go.jp/User/Occupation/Detail/535,jobtag_v7
AIエンジニア,Professional & Technical,専門的・技術的職業,occ-325,325,6289000,25925,大学院卒,https://shigoto.mhlw.go.jp/User/Occupation/Detail/325,jobtag_v7
CG制作,Professional & Technical,専門的・技術的職業,occ-329,329,4839000,14365,大学卒,https://shigoto.mhlw.go.jp/User/Occupation/Detail/329,jobtag_v7
DXプロデューサー,Professional & Technical,専門的・技術的職業,occ-324,324,7526000,164193,大学院卒,https://shigoto.mhlw.go.jp/User/Occupation/Detail/324,jobtag_v7
ITコンサルタント,Professional & Technical,専門的・技術的職業,occ-362,362,7526000,164193,大学院卒,https://shigoto.mhlw.go.jp/User/Occupation/Detail/362,jobtag_v7
M&Aマネージャー、M&Aコンサルタント/M&Aアドバイザー,Professional & Technical,専門的・技術的職業,occ-471,471,9032000,9214,大学院卒,https://shigoto.mhlw.go.jp/User/Occupation/Detail/471,jobtag_v7
UX/UIデザイナー,Professional & Technical,専門的・技術的職業,occ-552,552,5741000,43307,大学院卒,https://shigoto.mhlw.go.jp/User/Occupation/Detail/552,jobtag_v7
Webディレクター（Web制作会社）,Professional & Technical,専門的・技術的職業,occ-327,327,5910000,9660,大学院卒,https://shigoto.mhlw.go.jp/User/Occupation/Detail/327,jobtag_v7
Webデザイナー（Web制作会社）,Professional & Technical,専門的・技術的職業,occ-326,326,4839000,14364,大学卒,https://shigoto.mhlw.go.jp/User/Occupation/Detail/326,jobtag_v7
あんまマッサージ指圧師,Professional & Technical,専門的・技術的職業,occ-172,172,4302000,39404,大学院卒,https://shigoto.mhlw.go.jp/User/Occupation/Detail/172,jobtag_v7
はり師・きゅう師,Professional & Technical,専門的・技術的職業,occ-175,175,4302000,39403,大学院卒,https://shigoto.mhlw.go.jp/User/Occupation/Detail/175,jobtag_v7
アウトドアインストラクター,Professional & Technical,専門的・技術的職業,occ-219,219,4384000,60235,大学院卒,https://shigoto.mhlw.go.jp/User/Occupation/Detail/219,jobtag_v7
アクチュアリー,Professional & Technical,専門的・技術的職業,occ-468,468,9032000,9214,,https://shigoto.mhlw.go.jp/User/Occupation/Detail/468,jobtag_v7
アナウンサー,Professional & Technical,専門的・技術的職業,occ-216,216,5910000,9660,大学院卒,https://shigoto.mhlw.go.jp/User/Occupation/Detail/216,jobtag_v7
アートディレクター,Professional & Technical,専門的・技術的職業,occ-331,331,5910000,9660,大学院卒,https://shigoto.mhlw.go.jp/User/Occupation/Detail/331,jobtag_v7
イラストレーター,Professional & Technical,専門的・技術的職業,occ-342,342,4530000,23660,大学卒,https://shigoto.mhlw.go.jp/User/Occupation/Detail/342,jobtag_v7
インダストリアルデザイナー,Professional & Technical,専門的・技術的職業,occ-354,354,4839000,14365,大学卒,https://shigoto.mhlw.go.jp/User/Occupation/Detail/354,jobtag_v7
インテリアコーディネーター,Professional & Technical,専門的・技術的職業,occ-338,338,4839000,14365,専門学校卒,https://shigoto.mhlw.go.jp/User/Occupation/Detail/338,jobtag_v7
インテリアデザイナー,Professional & Technical,専門的・技術的職業,occ-337,337,4839000,14365,大学卒,https://shigoto.mhlw.go.jp/User/Occupation/Detail/337,jobtag_v7
エコノミスト,Professional & Technical,専門的・技術的職業,occ-394,394,7505000,2950,大学院卒,https://shigoto.mhlw.go.jp/User/Occupation/Detail/394,jobtag_v7
オーケストラ奏者（団員）,Professional & Technical,専門的・技術的職業,occ-573,573,5893000,26080,大学院卒,https://shigoto.mhlw.go.jp/User/Occupation/Detail/573,jobtag_v7
カウンセラー（医療福祉分野）,Professional & Technical,専門的・技術的職業,occ-411,411,4302000,27292,大学院卒,https://shigoto.mhlw.go.jp/User/Occupation/Detail/411,jobtag_v7
カラーコーディネーター,Professional & Technical,専門的・技術的職業,occ-339,339,4839000,14364,大学卒,https://shigoto.mhlw.go.jp/User/Occupation/Detail/339,jobtag_v7
キャリアカウンセラー/キャリアコンサルタント,Professional & Technical,専門的・技術的職業,occ-136,136,5910000,9659,大学院卒,https://shigoto.mhlw.go.jp/User/Occupation/Detail/136,jobtag_v7
グラフィックデザイナー,Professional & Technical,専門的・技術的職業,occ-334,334,4839000,14364,大学院卒,https://shigoto.mhlw.go.jp/User/Occupation/Detail/334,jobtag_v7
ゲームクリエーター,Professional & Technical,専門的・技術的職業,occ-330,330,5910000,9660,大学卒,https://shigoto.mhlw.go.jp/User/Occupation/Detail/330,jobtag_v7
コピーライター,Professional & Technical,専門的・技術的職業,occ-335,335,6805000,15065,専門学校卒,https://shigoto.mhlw.go.jp/User/Occupation/Detail/335,jobtag_v7
システムエンジニア（Webサービス開発）,Professional & Technical,専門的・技術的職業,occ-314,314,5741000,43307,大学卒,https://shigoto.mhlw.go.jp/User/Occupation/Detail/314,jobtag_v7
システムエンジニア（受託開発）,Professional & Technical,専門的・技術的職業,occ-312,312,5741000,43307,大学院卒,https://shigoto.mhlw.go.jp/User/Occupation/Detail/312,jobtag_v7
システムエンジニア（基盤システム）,Professional & Technical,専門的・技術的職業,occ-318,318,7526000,164192,大学院卒,https://shigoto.mhlw.go.jp/User/Occupation/Detail/318,jobtag_v7
システムエンジニア（組込み、IoT）,Professional & Technical,専門的・技術的職業,occ-315,315,5741000,43306,大学院卒,https://shigoto.mhlw.go.jp/User/Occupation/Detail/315,jobtag_v7
ジュエリーデザイナー,Professional & Technical,専門的・技術的職業,occ-350,350,4839000,14364,大学卒,https://shigoto.mhlw.go.jp/User/Occupation/Detail/350,jobtag_v7
スクールカウンセラー,Professional & Technical,専門的・技術的職業,occ-412,412,5910000,9659,大学院卒,https://shigoto.mhlw.go.jp/User/Occupation/Detail/412,jobtag_v7
スタイリスト,Professional & Technical,専門的・技術的職業,occ-346,346,5910000,9660,大学卒,https://shigoto.mhlw.go.jp/User/Occupation/Detail/346,jobtag_v7
スポーツインストラクター,Professional & Technical,専門的・技術的職業,occ-120,120,4384000,60235,大学卒,https://shigoto.mhlw.go.jp/User/Occupation/Detail/120,jobtag_v7
セキュリティエキスパート（オペレーション）,Professional & Technical,専門的・技術的職業,occ-321,321,6289000,25925,大学卒,https://shigoto.mhlw.go.jp/User/Occupation/Detail/321,jobtag_v7
セキュリティエキスパート（デジタルフォレンジック）,Professional & Technical,専門的・技術的職業,occ-533,533,6289000,25925,大学院卒,https://shigoto.mhlw.go.jp/User/Occupation/Detail/533,jobtag_v7
セキュリティエキスパート（情報セキュリティ監査）,Professional & Technical,専門的・技術的職業,occ-534,534,5910000,9660,大学院卒,https://shigoto.mhlw.go.jp/User/Occupation/Detail/534,jobtag_v7
セキュリティエキスパート（脆弱性診断）,Professional & Technical,専門的・技術的職業,occ-520,520,6289000,25925,大学院卒,https://shigoto.mhlw.go.jp/User/Occupation/Detail/520,jobtag_v7
ソフトウェア開発（スマホアプリ）,Professional & Technical,専門的・技術的職業,occ-317,317,5741000,43307,大学卒,https://shigoto.mhlw.go.jp/User/Occupation/Detail/317,jobtag_v7
ソフトウェア開発（パッケージソフト）,Professional & Technical,専門的・技術的職業,occ-316,316,5741000,43307,大学卒,https://shigoto.mhlw.go.jp/User/Occupation/Detail/316,jobtag_v7
テキスタイルデザイナー,Professional & Technical,専門的・技術的職業,occ-348,348,4839000,14364,大学卒,https://shigoto.mhlw.go.jp/User/Occupation/Detail/348,jobtag_v7
テクニカルイラストレーター,Professional & Technical,専門的・技術的職業,occ-345,345,4530000,23660,大学卒,https://shigoto.mhlw.go.jp/User/Occupation/Detail/345,jobtag_v7
テクニカルライター,Professional & Technical,専門的・技術的職業,occ-358,358,6805000,13989,大学卒,https://shigoto.mhlw.go.jp/User/Occupation/Detail/358,jobtag_v7
テレビカメラマン,Professional & Technical,専門的・技術的職業,occ-356,356,4530000,23057,大学卒,https://shigoto.mhlw.go.jp/User/Occupation/Detail/356,jobtag_v7
テレビ・ラジオ放送技術者,Professional & Technical,専門的・技術的職業,occ-212,212,5910000,8885,大学院卒,https://shigoto.mhlw.go.jp/User/Occupation/Detail/212,jobtag_v7
ディスプレイデザイナー,Professional & Technical,専門的・技術的職業,occ-336,336,4839000,14364,大学卒,https://shigoto.mhlw.go.jp/User/Occupation/Detail/336,jobtag_v7
デバッグ作業,Professional & Technical,専門的・技術的職業,occ-540,540,5741000,43307,大学卒,https://shigoto.mhlw.go.jp/User/Occupation/Detail/540,jobtag_v7
データエンジニア,Professional & Technical,専門的・技術的職業,occ-523,523,6289000,25925,大学院卒,https://shigoto.mhlw.go.jp/User/Occupation/Detail/523,jobtag_v7
データサイエンティスト,Professional & Technical,専門的・技術的職業,occ-323,323,5730000,11323,大学院卒,https://shigoto.mhlw.go.jp/User/Occupation/Detail/323,jobtag_v7
ナレーター,Professional & Technical,専門的・技術的職業,occ-541,541,5893000,12432,専門学校卒,https://shigoto.mhlw.go.jp/User/Occupation/Detail/541,jobtag_v7
ハローワーク職員,Professional & Technical,専門的・技術的職業,occ-574,574,4814000,9659,専門学校卒,https://shigoto.mhlw.go.jp/User/Occupation/Detail/574,jobtag_v7
バイオテクノロジー技術者,Professional & Technical,専門的・技術的職業,occ-309,309,6131000,30450,大学卒,https://shigoto.mhlw.go.jp/User/Occupation/Detail/309,jobtag_v7
バイオテクノロジー研究者,Professional & Technical,専門的・技術的職業,occ-393,393,7505000,16337,大学院卒,https://shigoto.mhlw.go.jp/User/Occupation/Detail/393,jobtag_v7
バイオマス発電プラントの設計,Professional & Technical,専門的・技術的職業,occ-551,551,6416000,48516,専門学校卒,https://shigoto.mhlw.go.jp/User/Occupation/Detail/551,jobtag_v7
ピアノ調律師,Professional & Technical,専門的・技術的職業,occ-127,127,5910000,9660,大学卒,https://shigoto.mhlw.go.jp/User/Occupation/Detail/127,jobtag_v7
ファイナンシャル・プランナー,Professional & Technical,専門的・技術的職業,occ-82,82,9032000,9214,大学院卒,https://shigoto.mhlw.go.jp/User/Occupation/Detail/82,jobtag_v7
ファインセラミックス製造技術者,Professional & Technical,専門的・技術的職業,occ-305,305,5730000,11323,大学院卒,https://shigoto.mhlw.go.jp/User/Occupation/Detail/305,jobtag_v7
ファッションデザイナー,Professional & Technical,専門的・技術的職業,occ-340,340,4839000,14364,大学院卒,https://shigoto.mhlw.go.jp/User/Occupation/Detail/340,jobtag_v7
ファンドマネージャー,Professional & Technical,専門的・技術的職業,occ-470,470,9032000,9213,大学卒,https://shigoto.mhlw.go.jp/User/Occupation/Detail/470,jobtag_v7
フラワーデザイナー,Professional & Technical,専門的・技術的職業,occ-349,349,4839000,14364,専門学校卒,https://shigoto.mhlw.go.jp/User/Occupation/Detail/349,jobtag_v7
フードコーディネーター,Professional & Technical,専門的・技術的職業,occ-351,351,5910000,9660,大学卒,https://shigoto.mhlw.go.jp/User/Occupation/Detail/351,jobtag_v7
ブックデザイナー,Professional & Technical,専門的・技術的職業,occ-347,347,4839000,14364,大学卒,https://shigoto.mhlw.go.jp/User/Occupation/Detail/347,jobtag_v7
ブロックチェーン・エンジニア,Professional & Technical,専門的・技術的職業,occ-581,581,5741000,43306,大学院卒,https://shigoto.mhlw.go.jp/User/Occupation/Detail/581,jobtag_v7
プラント設計技術者,Professional & Technical,専門的・技術的職業,occ-276,276,6694000,48564,大学院卒,https://shigoto.mhlw.go.jp/User/Occupation/Detail/276,jobtag_v7
プログラマー,Professional & Technical,専門的・技術的職業,occ-313,313,5741000,43306,専門学校卒,https://shigoto.mhlw.go.jp/User/Occupation/Detail/313,jobtag_v7
プロジェクトマネージャ（IT）,Professional & Technical,専門的・技術的職業,occ-322,322,7526000,164192,専門学校卒,https://shigoto.mhlw.go.jp/User/Occupation/Detail/322,jobtag_v7
ヘルプデスク（IT）,Professional & Technical,専門的・技術的職業,occ-320,320,6289000,25925,大学院卒,https://shigoto.mhlw.go.jp/User/Occupation/Detail/320,jobtag_v7
下水道管路施設の点検・調査,Professional & Technical,専門的・技術的職業,occ-572,572,5965000,52774,専門学校卒,https://shigoto.mhlw.go.jp/User/Occupation/Detail/572,jobtag_v7
不動産鑑定士,Professional & Technical,専門的・技術的職業,occ-93,93,5910000,9660,大学院卒,https://shigoto.mhlw.go.jp/User/Occupation/Detail/93,jobtag_v7
中学校教員,Professional & Technical,専門的・技術的職業,occ-180,180,7265000,231400,大学院卒,https://shigoto.mhlw.go.jp/User/Occupation/Detail/180,jobtag_v7
中小企業診断士,Professional & Technical,専門的・技術的職業,occ-80,80,9032000,9213,大学院卒,https://shigoto.mhlw.go.jp/User/Occupation/Detail/80,jobtag_v7
人事コンサルタント,Professional & Technical,専門的・技術的職業,occ-364,364,9032000,9213,大学院卒,https://shigoto.mhlw.go.jp/User/Occupation/Detail/364,jobtag_v7
作業環境測定士,Professional & Technical,専門的・技術的職業,occ-571,571,5730000,11323,大学院卒,https://shigoto.mhlw.go.jp/User/Occupation/Detail/571,jobtag_v7
作業療法士（OT）,Professional & Technical,専門的・技術的職業,occ-168,168,4442000,101270,大学院卒,https://shigoto.mhlw.go.jp/User/Occupation/Detail/168,jobtag_v7
保健師,Professional & Technical,専門的・技術的職業,occ-160,160,5212000,49110,大学院卒,https://shigoto.mhlw.go.jp/User/Occupation/Detail/160,jobtag_v7
保育士,Professional & Technical,専門的・技術的職業,occ-131,131,4068000,634080,大学院卒,https://shigoto.mhlw.go.jp/User/Occupation/Detail/131,jobtag_v7
保育補助者,Professional & Technical,専門的・技術的職業,occ-546,546,3960000,228295,大学院卒,https://shigoto.mhlw.go.jp/User/Occupation/Detail/546,jobtag_v7
児童指導員,Professional & Technical,専門的・技術的職業,occ-243,243,4410000,532710,大学院卒,https://shigoto.mhlw.go.jp/User/Occupation/Detail/243,jobtag_v7
公認会計士,Professional & Technical,専門的・技術的職業,occ-90,90,8563000,21850,大学院卒,https://shigoto.mhlw.go.jp/User/Occupation/Detail/90,jobtag_v7
内科医,Professional & Technical,専門的・技術的職業,occ-404,404,13380000,37958,大学院卒,https://shigoto.mhlw.go.jp/User/Occupation/Detail/404,jobtag_v7
分析化学技術者,Professional & Technical,専門的・技術的職業,occ-303,303,6131000,30450,大学卒,https://shigoto.mhlw.go.jp/User/Occupation/Detail/303,jobtag_v7
助産師,Professional & Technical,専門的・技術的職業,occ-157,157,5806000,27550,大学院卒,https://shigoto.mhlw.go.jp/User/Occupation/Detail/157,jobtag_v7
労働基準監督官,Professional & Technical,専門的・技術的職業,occ-519,519,5910000,9660,大学院卒,https://shigoto.mhlw.go.jp/User/Occupation/Detail/519,jobtag_v7
動物看護,Professional & Technical,専門的・技術的職業,occ-510,510,3229000,83730,大学卒,https://shigoto.mhlw.go.jp/User/Occupation/Detail/510,jobtag_v7
動画制作,Professional & Technical,専門的・技術的職業,occ-328,328,5910000,9660,大学院卒,https://shigoto.mhlw.go.jp/User/Occupation/Detail/328,jobtag_v7
医学研究者,Professional & Technical,専門的・技術的職業,occ-390,390,7505000,16337,大学院卒,https://shigoto.mhlw.go.jp/User/Occupation/Detail/390,jobtag_v7
医療機器開発技術者,Professional & Technical,専門的・技術的職業,occ-529,529,7552000,61038,大学院卒,https://shigoto.mhlw.go.jp/User/Occupation/Detail/529,jobtag_v7
半導体技術者,Professional & Technical,専門的・技術的職業,occ-267,267,7552000,61038,大学院卒,https://shigoto.mhlw.go.jp/User/Occupation/Detail/267,jobtag_v7
原子力技術者,Professional & Technical,専門的・技術的職業,occ-301,301,5730000,11323,大学院卒,https://shigoto.mhlw.go.jp/User/Occupation/Detail/301,jobtag_v7
司法書士,Professional & Technical,専門的・技術的職業,occ-84,84,7653000,12780,大学院卒,https://shigoto.mhlw.go.jp/User/Occupation/Detail/84,jobtag_v7
商業カメラマン,Professional & Technical,専門的・技術的職業,occ-355,355,4530000,23057,専門学校卒,https://shigoto.mhlw.go.jp/User/Occupation/Detail/355,jobtag_v7
図書編集者,Professional & Technical,専門的・技術的職業,occ-210,210,6805000,13989,専門学校卒,https://shigoto.mhlw.go.jp/User/Occupation/Detail/210,jobtag_v7
図書館司書,Professional & Technical,専門的・技術的職業,occ-182,182,5910000,15540,大学院卒,https://shigoto.mhlw.go.jp/User/Occupation/Detail/182,jobtag_v7
国際協力専門家,Professional & Technical,専門的・技術的職業,occ-513,513,5910000,9660,専門学校卒,https://shigoto.mhlw.go.jp/User/Occupation/Detail/513,jobtag_v7
土地家屋調査士,Professional & Technical,専門的・技術的職業,occ-86,86,7653000,6118,大学院卒,https://shigoto.mhlw.go.jp/User/Occupation/Detail/86,jobtag_v7
土木・建築工学研究者,Professional & Technical,専門的・技術的職業,occ-388,388,7505000,16337,大学院卒,https://shigoto.mhlw.go.jp/User/Occupation/Detail/388,jobtag_v7
土木施工管理技術者,Professional & Technical,専門的・技術的職業,occ-23,23,5965000,52774,大学院卒,https://shigoto.mhlw.go.jp/User/Occupation/Detail/23,jobtag_v7
土木設計技術者,Professional & Technical,専門的・技術的職業,occ-22,22,5965000,52774,大学卒,https://shigoto.mhlw.go.jp/User/Occupation/Detail/22,jobtag_v7
報道カメラマン,Professional & Technical,専門的・技術的職業,occ-357,357,4530000,23056,大学卒,https://shigoto.mhlw.go.jp/User/Occupation/Detail/357,jobtag_v7
声優,Professional & Technical,専門的・技術的職業,occ-582,582,5893000,12432,専門学校卒,https://shigoto.mhlw.go.jp/User/Occupation/Detail/582,jobtag_v7
外科医,Professional & Technical,専門的・技術的職業,occ-402,402,13380000,37958,大学院卒,https://shigoto.mhlw.go.jp/User/Occupation/Detail/402,jobtag_v7
大学・短期大学教員,Professional & Technical,専門的・技術的職業,occ-184,184,10933000,179620,大学院卒,https://shigoto.mhlw.go.jp/User/Occupation/Detail/184,jobtag_v7
太陽光発電の設計・施工,Professional & Technical,専門的・技術的職業,occ-235,235,5965000,52774,大学院卒,https://shigoto.mhlw.go.jp/User/Occupation/Detail/235,jobtag_v7
学童保育指導員,Professional & Technical,専門的・技術的職業,occ-242,242,3960000,228295,大学卒,https://shigoto.mhlw.go.jp/User/Occupation/Detail/242,jobtag_v7
学習塾教師,Professional & Technical,専門的・技術的職業,occ-396,396,4384000,113035,大学院卒,https://shigoto.mhlw.go.jp/User/Occupation/Detail/396,jobtag_v7
学芸員,Professional & Technical,専門的・技術的職業,occ-185,185,5910000,15540,大学院卒,https://shigoto.mhlw.go.jp/User/Occupation/Detail/185,jobtag_v7
宇宙開発技術者,Professional & Technical,専門的・技術的職業,occ-310,310,5730000,11323,大学院卒,https://shigoto.mhlw.go.jp/User/Occupation/Detail/310,jobtag_v7
家庭裁判所調査官,Professional & Technical,専門的・技術的職業,occ-146,146,7653000,6118,大学院卒,https://shigoto.mhlw.go.jp/User/Occupation/Detail/146,jobtag_v7
専門学校教員,Professional & Technical,専門的・技術的職業,occ-181,181,4910000,23604,大学院卒,https://shigoto.mhlw.go.jp/User/Occupation/Detail/181,jobtag_v7
小児科医,Professional & Technical,専門的・技術的職業,occ-403,403,13380000,37958,大学院卒,https://shigoto.mhlw.go.jp/User/Occupation/Detail/403,jobtag_v7
小学校教員,Professional & Technical,専門的・技術的職業,occ-179,179,7265000,210580,大学院卒,https://shigoto.mhlw.go.jp/User/Occupation/Detail/179,jobtag_v7
幼稚園教員,Professional & Technical,専門的・技術的職業,occ-178,178,4127000,143310,大学院卒,https://shigoto.mhlw.go.jp/User/Occupation/Detail/178,jobtag_v7
広告ディレクター,Professional & Technical,専門的・技術的職業,occ-333,333,5910000,9659,大学卒,https://shigoto.mhlw.go.jp/User/Occupation/Detail/333,jobtag_v7
広告デザイナー,Professional & Technical,専門的・技術的職業,occ-332,332,4839000,14364,大学卒,https://shigoto.mhlw.go.jp/User/Occupation/Detail/332,jobtag_v7
広報コンサルタント,Professional & Technical,専門的・技術的職業,occ-363,363,5910000,9659,大学院卒,https://shigoto.mhlw.go.jp/User/Occupation/Detail/363,jobtag_v7
建築施工管理技術者,Professional & Technical,専門的・技術的職業,occ-21,21,6416000,48516,大学卒,https://shigoto.mhlw.go.jp/User/Occupation/Detail/21,jobtag_v7
建築設計技術者,Professional & Technical,専門的・技術的職業,occ-20,20,6416000,48516,大学院卒,https://shigoto.mhlw.go.jp/User/Occupation/Detail/20,jobtag_v7
弁理士,Professional & Technical,専門的・技術的職業,occ-91,91,7653000,12780,大学卒,https://shigoto.mhlw.go.jp/User/Occupation/Detail/91,jobtag_v7
弁護士,Professional & Technical,専門的・技術的職業,occ-89,89,7653000,11237,大学院卒,https://shigoto.mhlw.go.jp/User/Occupation/Detail/89,jobtag_v7
情報工学研究者,Professional & Technical,専門的・技術的職業,occ-389,389,7505000,16337,大学院卒,https://shigoto.mhlw.go.jp/User/Occupation/Detail/389,jobtag_v7
手話通訳者,Professional & Technical,専門的・技術的職業,occ-135,135,5910000,9659,大学卒,https://shigoto.mhlw.go.jp/User/Occupation/Detail/135,jobtag_v7
探偵,Professional & Technical,専門的・技術的職業,occ-562,562,5910000,9659,専門学校卒,https://shigoto.mhlw.go.jp/User/Occupation/Detail/562,jobtag_v7
放送ディレクター,Professional & Technical,専門的・技術的職業,occ-217,217,5893000,12432,大学院卒,https://shigoto.mhlw.go.jp/User/Occupation/Detail/217,jobtag_v7
放送記者,Professional & Technical,専門的・技術的職業,occ-215,215,6805000,13988,大学院卒,https://shigoto.mhlw.go.jp/User/Occupation/Detail/215,jobtag_v7
整形外科医,Professional & Technical,専門的・技術的職業,occ-575,575,13380000,37958,大学院卒,https://shigoto.mhlw.go.jp/User/Occupation/Detail/575,jobtag_v7
新聞記者,Professional & Technical,専門的・技術的職業,occ-208,208,6805000,13988,専門学校卒,https://shigoto.mhlw.go.jp/User/Occupation/Detail/208,jobtag_v7
日本語教師,Professional & Technical,専門的・技術的職業,occ-397,397,4910000,23604,学歴不問,https://shigoto.mhlw.go.jp/User/Occupation/Detail/397,jobtag_v7
映像編集者,Professional & Technical,専門的・技術的職業,occ-214,214,5910000,9659,大学卒,https://shigoto.mhlw.go.jp/User/Occupation/Detail/214,jobtag_v7
林業技術者,Professional & Technical,専門的・技術的職業,occ-229,229,5730000,8524,大学院卒,https://shigoto.mhlw.go.jp/User/Occupation/Detail/229,jobtag_v7
柔道整復師,Professional & Technical,専門的・技術的職業,occ-173,173,4302000,39403,大学院卒,https://shigoto.mhlw.go.jp/User/Occupation/Detail/173,jobtag_v7
栄養士,Professional & Technical,専門的・技術的職業,occ-171,171,3943000,121310,大学院卒,https://shigoto.mhlw.go.jp/User/Occupation/Detail/171,jobtag_v7
植物工場の研究開発,Professional & Technical,専門的・技術的職業,occ-247,247,5730000,8524,大学卒,https://shigoto.mhlw.go.jp/User/Occupation/Detail/247,jobtag_v7
植物工場の設計、施工,Professional & Technical,専門的・技術的職業,occ-248,248,6416000,48516,大学卒,https://shigoto.mhlw.go.jp/User/Occupation/Detail/248,jobtag_v7
検察事務官,Professional & Technical,専門的・技術的職業,occ-518,518,7653000,6117,大学院卒,https://shigoto.mhlw.go.jp/User/Occupation/Detail/518,jobtag_v7
検察官,Professional & Technical,専門的・技術的職業,occ-145,145,7650000,11237,大学院卒,https://shigoto.mhlw.go.jp/User/Occupation/Detail/145,jobtag_v7
検疫官（看護師）,Professional & Technical,専門的・技術的職業,occ-564,564,5197000,692975,大学院卒,https://shigoto.mhlw.go.jp/User/Occupation/Detail/564,jobtag_v7
機械設計技術者,Professional & Technical,専門的・技術的職業,occ-262,262,6694000,48564,大学院卒,https://shigoto.mhlw.go.jp/User/Occupation/Detail/262,jobtag_v7
歯科助手,Professional & Technical,専門的・技術的職業,occ-545,545,3229000,83730,専門学校卒,https://shigoto.mhlw.go.jp/User/Occupation/Detail/545,jobtag_v7
歯科医師,Professional & Technical,専門的・技術的職業,occ-159,159,11355000,98340,大学院卒,https://shigoto.mhlw.go.jp/User/Occupation/Detail/159,jobtag_v7
歯科技工士,Professional & Technical,専門的・技術的職業,occ-165,165,4544000,39320,大学院卒,https://shigoto.mhlw.go.jp/User/Occupation/Detail/165,jobtag_v7
歯科衛生士,Professional & Technical,専門的・技術的職業,occ-166,166,4056000,128740,大学院卒,https://shigoto.mhlw.go.jp/User/Occupation/Detail/166,jobtag_v7
気象予報士,Professional & Technical,専門的・技術的職業,occ-94,94,5910000,9659,大学院卒,https://shigoto.mhlw.go.jp/User/Occupation/Detail/94,jobtag_v7
水産技術者,Professional & Technical,専門的・技術的職業,occ-228,228,5730000,8523,大学院卒,https://shigoto.mhlw.go.jp/User/Occupation/Detail/228,jobtag_v7
治験コーディネーター,Professional & Technical,専門的・技術的職業,occ-407,407,4302000,27292,大学院卒,https://shigoto.mhlw.go.jp/User/Occupation/Detail/407,jobtag_v7
法務技官（心理）（矯正心理専門職）,Professional & Technical,専門的・技術的職業,occ-516,516,5910000,9659,大学院卒,https://shigoto.mhlw.go.jp/User/Occupation/Detail/516,jobtag_v7
法務教官,Professional & Technical,専門的・技術的職業,occ-147,147,4910000,23604,大学院卒,https://shigoto.mhlw.go.jp/User/Occupation/Detail/147,jobtag_v7
測量士,Professional & Technical,専門的・技術的職業,occ-24,24,5016000,52774,大学院卒,https://shigoto.mhlw.go.jp/User/Occupation/Detail/24,jobtag_v7
特別支援学校教員、特別支援学級教員,Professional & Technical,専門的・技術的職業,occ-395,395,4910000,78310,大学院卒,https://shigoto.mhlw.go.jp/User/Occupation/Detail/395,jobtag_v7
特許審査官,Professional & Technical,専門的・技術的職業,occ-521,521,7653000,6117,大学院卒,https://shigoto.mhlw.go.jp/User/Occupation/Detail/521,jobtag_v7
犬訓練士,Professional & Technical,専門的・技術的職業,occ-226,226,5910000,9659,大学院卒,https://shigoto.mhlw.go.jp/User/Occupation/Detail/226,jobtag_v7
独立系ファイナンシャル・アドバイザー（IFA）,Professional & Technical,専門的・技術的職業,occ-524,524,9032000,9213,大学院卒,https://shigoto.mhlw.go.jp/User/Occupation/Detail/524,jobtag_v7
獣医師,Professional & Technical,専門的・技術的職業,occ-223,223,8848000,24680,大学院卒,https://shigoto.mhlw.go.jp/User/Occupation/Detail/223,jobtag_v7
理学療法士（PT）,Professional & Technical,専門的・技術的職業,occ-167,167,4442000,101270,大学院卒,https://shigoto.mhlw.go.jp/User/Occupation/Detail/167,jobtag_v7
生産・品質管理技術者,Professional & Technical,専門的・技術的職業,occ-296,296,7552000,61038,大学卒,https://shigoto.mhlw.go.jp/User/Occupation/Detail/296,jobtag_v7
産婦人科医,Professional & Technical,専門的・技術的職業,occ-406,406,13380000,37957,大学院卒,https://shigoto.mhlw.go.jp/User/Occupation/Detail/406,jobtag_v7
産業医,Professional & Technical,専門的・技術的職業,occ-583,583,13380000,37957,大学卒,https://shigoto.mhlw.go.jp/User/Occupation/Detail/583,jobtag_v7
産業廃棄物処理技術者,Professional & Technical,専門的・技術的職業,occ-495,495,5730000,11323,大学院卒,https://shigoto.mhlw.go.jp/User/Occupation/Detail/495,jobtag_v7
産業用ロボットの設置・設定,Professional & Technical,専門的・技術的職業,occ-232,232,4913000,111456,大学卒,https://shigoto.mhlw.go.jp/User/Occupation/Detail/232,jobtag_v7
産業用ロボット開発技術者,Professional & Technical,専門的・技術的職業,occ-231,231,6694000,48564,大学院卒,https://shigoto.mhlw.go.jp/User/Occupation/Detail/231,jobtag_v7
畜産技術者,Professional & Technical,専門的・技術的職業,occ-508,508,5730000,8523,大学院卒,https://shigoto.mhlw.go.jp/User/Occupation/Detail/508,jobtag_v7
看護助手,Professional & Technical,専門的・技術的職業,occ-246,246,3286000,138040,専門学校卒,https://shigoto.mhlw.go.jp/User/Occupation/Detail/246,jobtag_v7
看護師,Professional & Technical,専門的・技術的職業,occ-156,156,5197000,692975,大学院卒,https://shigoto.mhlw.go.jp/User/Occupation/Detail/156,jobtag_v7
知的財産コーディネーター,Professional & Technical,専門的・技術的職業,occ-365,365,5910000,9659,大学院卒,https://shigoto.mhlw.go.jp/User/Occupation/Detail/365,jobtag_v7
知的財産サーチャー,Professional & Technical,専門的・技術的職業,occ-366,366,5910000,9659,大学院卒,https://shigoto.mhlw.go.jp/User/Occupation/Detail/366,jobtag_v7
社会保険労務士,Professional & Technical,専門的・技術的職業,occ-83,83,9032000,21780,大学院卒,https://shigoto.mhlw.go.jp/User/Occupation/Detail/83,jobtag_v7
社会学研究者,Professional & Technical,専門的・技術的職業,occ-560,560,7505000,2950,大学院卒,https://shigoto.mhlw.go.jp/User/Occupation/Detail/560,jobtag_v7
社会教育主事,Professional & Technical,専門的・技術的職業,occ-400,400,5910000,9659,大学院卒,https://shigoto.mhlw.go.jp/User/Occupation/Detail/400,jobtag_v7
科学捜査研究所鑑定技術職員,Professional & Technical,専門的・技術的職業,occ-391,391,7505000,16336,大学院卒,https://shigoto.mhlw.go.jp/User/Occupation/Detail/391,jobtag_v7
税理士,Professional & Technical,専門的・技術的職業,occ-92,92,8563000,63850,大学院卒,https://shigoto.mhlw.go.jp/User/Occupation/Detail/92,jobtag_v7
精密機器技術者,Professional & Technical,専門的・技術的職業,occ-271,271,6694000,48564,大学院卒,https://shigoto.mhlw.go.jp/User/Occupation/Detail/271,jobtag_v7
精神科医,Professional & Technical,専門的・技術的職業,occ-405,405,13380000,37957,大学院卒,https://shigoto.mhlw.go.jp/User/Occupation/Detail/405,jobtag_v7
細胞検査士,Professional & Technical,専門的・技術的職業,occ-162,162,4302000,27292,大学院卒,https://shigoto.mhlw.go.jp/User/Occupation/Detail/162,jobtag_v7
経営コンサルタント,Professional & Technical,専門的・技術的職業,occ-81,81,9032000,9213,専門学校卒,https://shigoto.mhlw.go.jp/User/Occupation/Detail/81,jobtag_v7
義肢装具士,Professional & Technical,専門的・技術的職業,occ-176,176,4302000,27292,大学院卒,https://shigoto.mhlw.go.jp/User/Occupation/Detail/176,jobtag_v7
翻訳者,Professional & Technical,専門的・技術的職業,occ-87,87,6805000,15065,大学院卒,https://shigoto.mhlw.go.jp/User/Occupation/Detail/87,jobtag_v7
耐震診断,Professional & Technical,専門的・技術的職業,occ-570,570,6416000,48516,大学卒,https://shigoto.mhlw.go.jp/User/Occupation/Detail/570,jobtag_v7
職業訓練指導員,Professional & Technical,専門的・技術的職業,occ-399,399,4910000,23604,大学院卒,https://shigoto.mhlw.go.jp/User/Occupation/Detail/399,jobtag_v7
臨床工学技士,Professional & Technical,専門的・技術的職業,occ-164,164,4302000,27291,大学院卒,https://shigoto.mhlw.go.jp/User/Occupation/Detail/164,jobtag_v7
臨床検査技師,Professional & Technical,専門的・技術的職業,occ-161,161,5043000,82720,大学院卒,https://shigoto.mhlw.go.jp/User/Occupation/Detail/161,jobtag_v7
自動車技術者,Professional & Technical,専門的・技術的職業,occ-270,270,7006000,34368,大学院卒,https://shigoto.mhlw.go.jp/User/Occupation/Detail/270,jobtag_v7
自動車教習指導員,Professional & Technical,専門的・技術的職業,occ-121,121,4910000,23604,大学院卒,https://shigoto.mhlw.go.jp/User/Occupation/Detail/121,jobtag_v7
自動運転開発エンジニア（自動車）,Professional & Technical,専門的・技術的職業,occ-528,528,7006000,34368,大学院卒,https://shigoto.mhlw.go.jp/User/Occupation/Detail/528,jobtag_v7
舞台照明スタッフ,Professional & Technical,専門的・技術的職業,occ-353,353,5893000,12432,大学卒,https://shigoto.mhlw.go.jp/User/Occupation/Detail/353,jobtag_v7
舞台美術スタッフ,Professional & Technical,専門的・技術的職業,occ-352,352,5893000,12432,大学卒,https://shigoto.mhlw.go.jp/User/Occupation/Detail/352,jobtag_v7
航空管制官,Professional & Technical,専門的・技術的職業,occ-203,203,5910000,8885,大学院卒,https://shigoto.mhlw.go.jp/User/Occupation/Detail/203,jobtag_v7
船員,Professional & Technical,専門的・技術的職業,occ-207,207,4673000,14360,大学院卒,https://shigoto.mhlw.go.jp/User/Occupation/Detail/207,jobtag_v7
英会話教師,Professional & Technical,専門的・技術的職業,occ-398,398,4384000,113035,大学院卒,https://shigoto.mhlw.go.jp/User/Occupation/Detail/398,jobtag_v7
薬剤師,Professional & Technical,専門的・技術的職業,occ-158,158,5993000,243650,大学院卒,https://shigoto.mhlw.go.jp/User/Occupation/Detail/158,jobtag_v7
薬学研究者,Professional & Technical,専門的・技術的職業,occ-392,392,7505000,16336,大学院卒,https://shigoto.mhlw.go.jp/User/Occupation/Detail/392,jobtag_v7
行政書士,Professional & Technical,専門的・技術的職業,occ-85,85,5910000,9659,大学院卒,https://shigoto.mhlw.go.jp/User/Occupation/Detail/85,jobtag_v7
衛生管理者,Professional & Technical,専門的・技術的職業,occ-576,576,4302000,27291,大学卒,https://shigoto.mhlw.go.jp/User/Occupation/Detail/576,jobtag_v7
裁判官,Professional & Technical,専門的・技術的職業,occ-144,144,7650000,11236,大学院卒,https://shigoto.mhlw.go.jp/User/Occupation/Detail/144,jobtag_v7
視能訓練士,Professional & Technical,専門的・技術的職業,occ-170,170,4442000,13465,大学院卒,https://shigoto.mhlw.go.jp/User/Occupation/Detail/170,jobtag_v7
言語聴覚士,Professional & Technical,専門的・技術的職業,occ-169,169,4442000,13465,大学院卒,https://shigoto.mhlw.go.jp/User/Occupation/Detail/169,jobtag_v7
診療放射線技師,Professional & Technical,専門的・技術的職業,occ-163,163,5499000,57490,大学院卒,https://shigoto.mhlw.go.jp/User/Occupation/Detail/163,jobtag_v7
証券アナリスト,Professional & Technical,専門的・技術的職業,occ-457,457,9032000,9213,大学院卒,https://shigoto.mhlw.go.jp/User/Occupation/Detail/457,jobtag_v7
調教師,Professional & Technical,専門的・技術的職業,occ-225,225,5910000,9659,大学院卒,https://shigoto.mhlw.go.jp/User/Occupation/Detail/225,jobtag_v7
調香師,Professional & Technical,専門的・技術的職業,occ-419,419,5910000,9659,大学院卒,https://shigoto.mhlw.go.jp/User/Occupation/Detail/419,jobtag_v7
農業技術者,Professional & Technical,専門的・技術的職業,occ-221,221,5730000,8523,大学院卒,https://shigoto.mhlw.go.jp/User/Occupation/Detail/221,jobtag_v7
通訳者,Professional & Technical,専門的・技術的職業,occ-88,88,5910000,9659,大学院卒,https://shigoto.mhlw.go.jp/User/Occupation/Detail/88,jobtag_v7
通関士,Professional & Technical,専門的・技術的職業,occ-202,202,5910000,9659,大学院卒,https://shigoto.mhlw.go.jp/User/Occupation/Detail/202,jobtag_v7
速記者、音声反訳者,Professional & Technical,専門的・技術的職業,occ-424,424,5910000,9659,専門学校卒,https://shigoto.mhlw.go.jp/User/Occupation/Detail/424,jobtag_v7
造船技術者（船舶の開発・設計）,Professional & Technical,専門的・技術的職業,occ-550,550,7006000,34367,大学院卒,https://shigoto.mhlw.go.jp/User/Occupation/Detail/550,jobtag_v7
運用・管理（IT）,Professional & Technical,専門的・技術的職業,occ-319,319,6289000,25925,大学卒,https://shigoto.mhlw.go.jp/User/Occupation/Detail/319,jobtag_v7
鉄道車両の設計・開発,Professional & Technical,専門的・技術的職業,occ-561,561,7006000,34367,大学院卒,https://shigoto.mhlw.go.jp/User/Occupation/Detail/561,jobtag_v7
陶磁器技術者,Professional & Technical,専門的・技術的職業,occ-304,304,5730000,11322,大学院卒,https://shigoto.mhlw.go.jp/User/Occupation/Detail/304,jobtag_v7
雑誌編集者,Professional & Technical,専門的・技術的職業,occ-211,211,6805000,13988,大学卒,https://shigoto.mhlw.go.jp/User/Occupation/Detail/211,jobtag_v7
雑誌記者,Professional & Technical,専門的・技術的職業,occ-209,209,6805000,13988,大学卒,https://shigoto.mhlw.go.jp/User/Occupation/Detail/209,jobtag_v7
電子機器技術者,Professional & Technical,専門的・技術的職業,occ-273,273,7552000,61038,大学院卒,https://shigoto.mhlw.go.jp/User/Occupation/Detail/273,jobtag_v7
電気技術者,Professional & Technical,専門的・技術的職業,occ-272,272,7552000,61038,大学院卒,https://shigoto.mhlw.go.jp/User/Occupation/Detail/272,jobtag_v7
電気通信技術者,Professional & Technical,専門的・技術的職業,occ-274,274,6289000,25925,専門学校卒,https://shigoto.mhlw.go.jp/User/Occupation/Detail/274,jobtag_v7
非鉄金属製錬技術者,Professional & Technical,専門的・技術的職業,occ-258,258,5772000,25660,大学院卒,https://shigoto.mhlw.go.jp/User/Occupation/Detail/258,jobtag_v7
音楽教室講師,Professional & Technical,専門的・技術的職業,occ-122,122,4384000,70110,大学卒,https://shigoto.mhlw.go.jp/User/Occupation/Detail/122,jobtag_v7
食品技術者,Professional & Technical,専門的・技術的職業,occ-288,288,5730000,8523,大学院卒,https://shigoto.mhlw.go.jp/User/Occupation/Detail/288,jobtag_v7
養護教諭,Professional & Technical,専門的・技術的職業,occ-565,565,7265000,210580,大学卒,https://shigoto.mhlw.go.jp/User/Occupation/Detail/565,jobtag_v7
高分子化学技術者,Professional & Technical,専門的・技術的職業,occ-308,308,6131000,30450,大学院卒,https://shigoto.mhlw.go.jp/User/Occupation/Detail/308,jobtag_v7
高等学校教員,Professional & Technical,専門的・技術的職業,occ-183,183,6788000,257460,大学院卒,https://shigoto.mhlw.go.jp/User/Occupation/Detail/183,jobtag_v7
麻酔科医,Professional & Technical,専門的・技術的職業,occ-563,563,13380000,37957,大学卒,https://shigoto.mhlw.go.jp/User/Occupation/Detail/563,jobtag_v7
CDショップ店員,Sales,販売の職業,occ-451,451,3694000,143090,専門学校卒,https://shigoto.mhlw.go.jp/User/Occupation/Detail/451,jobtag_v7
OA機器営業,Sales,販売の職業,occ-462,462,5940000,193760,大学院卒,https://shigoto.mhlw.go.jp/User/Occupation/Detail/462,jobtag_v7
せり人,Sales,販売の職業,occ-65,65,6623000,97110,大学院卒,https://shigoto.mhlw.go.jp/User/Occupation/Detail/65,jobtag_v7
カフェ店員,Sales,販売の職業,occ-105,105,3694000,143090,大学院卒,https://shigoto.mhlw.go.jp/User/Occupation/Detail/105,jobtag_v7
ガソリンスタンド・スタッフ,Sales,販売の職業,occ-198,198,3694000,143090,大学院卒,https://shigoto.mhlw.go.jp/User/Occupation/Detail/198,jobtag_v7
コンサルティング営業（IT）,Sales,販売の職業,occ-452,452,6526000,193760,大学卒,https://shigoto.mhlw.go.jp/User/Occupation/Detail/452,jobtag_v7
コンビニエンスストア店員,Sales,販売の職業,occ-78,78,3694000,143089,大学院卒,https://shigoto.mhlw.go.jp/User/Occupation/Detail/78,jobtag_v7
シューフィッター,Sales,販売の職業,occ-76,76,3694000,143090,大学院卒,https://shigoto.mhlw.go.jp/User/Occupation/Detail/76,jobtag_v7
スポーツ用品販売,Sales,販売の職業,occ-70,70,3694000,143090,大学院卒,https://shigoto.mhlw.go.jp/User/Occupation/Detail/70,jobtag_v7
スーパーレジ係,Sales,販売の職業,occ-56,56,3694000,143089,大学院卒,https://shigoto.mhlw.go.jp/User/Occupation/Detail/56,jobtag_v7
スーパー店員,Sales,販売の職業,occ-57,57,3694000,143089,大学院卒,https://shigoto.mhlw.go.jp/User/Occupation/Detail/57,jobtag_v7
ディーラー,Sales,販売の職業,occ-455,455,6623000,97110,大学院卒,https://shigoto.mhlw.go.jp/User/Occupation/Detail/455,jobtag_v7
デパート店員,Sales,販売の職業,occ-54,54,3694000,143089,大学院卒,https://shigoto.mhlw.go.jp/User/Occupation/Detail/54,jobtag_v7
フラワーショップ店員,Sales,販売の職業,occ-66,66,3694000,143090,専門学校卒,https://shigoto.mhlw.go.jp/User/Occupation/Detail/66,jobtag_v7
ベーカリーショップ店員,Sales,販売の職業,occ-79,79,3694000,143090,大学院卒,https://shigoto.mhlw.go.jp/User/Occupation/Detail/79,jobtag_v7
ペットショップ店員,Sales,販売の職業,occ-72,72,3694000,143090,専門学校卒,https://shigoto.mhlw.go.jp/User/Occupation/Detail/72,jobtag_v7
ホームセンター店員,Sales,販売の職業,occ-71,71,3694000,143089,専門学校卒,https://shigoto.mhlw.go.jp/User/Occupation/Detail/71,jobtag_v7
メガネ販売,Sales,販売の職業,occ-69,69,3694000,143090,専門学校卒,https://shigoto.mhlw.go.jp/User/Occupation/Detail/69,jobtag_v7
リサイクルショップ店員,Sales,販売の職業,occ-449,449,3694000,143090,大学院卒,https://shigoto.mhlw.go.jp/User/Occupation/Detail/449,jobtag_v7
代理店営業（保険会社）,Sales,販売の職業,occ-472,472,5008000,155684,大学院卒,https://shigoto.mhlw.go.jp/User/Occupation/Detail/472,jobtag_v7
住宅・不動産営業,Sales,販売の職業,occ-59,59,6183000,138640,大学院卒,https://shigoto.mhlw.go.jp/User/Occupation/Detail/59,jobtag_v7
保険営業（生命保険、損害保険）,Sales,販売の職業,occ-453,453,5008000,155683,大学卒,https://shigoto.mhlw.go.jp/User/Occupation/Detail/453,jobtag_v7
化粧品訪問販売,Sales,販売の職業,occ-465,465,4730000,23200,大学院卒,https://shigoto.mhlw.go.jp/User/Occupation/Detail/465,jobtag_v7
化粧品販売/美容部員,Sales,販売の職業,occ-464,464,3694000,143089,大学卒,https://shigoto.mhlw.go.jp/User/Occupation/Detail/464,jobtag_v7
医薬品販売/登録販売者,Sales,販売の職業,occ-448,448,3694000,143089,大学院卒,https://shigoto.mhlw.go.jp/User/Occupation/Detail/448,jobtag_v7
医薬情報担当者（MR）,Sales,販売の職業,occ-63,63,6183000,83260,大学院卒,https://shigoto.mhlw.go.jp/User/Occupation/Detail/63,jobtag_v7
印刷営業,Sales,販売の職業,occ-62,62,6183000,351793,大学院卒,https://shigoto.mhlw.go.jp/User/Occupation/Detail/62,jobtag_v7
商社営業,Sales,販売の職業,occ-58,58,6183000,351793,大学院卒,https://shigoto.mhlw.go.jp/User/Occupation/Detail/58,jobtag_v7
広告営業,Sales,販売の職業,occ-61,61,6183000,351792,専門学校卒,https://shigoto.mhlw.go.jp/User/Occupation/Detail/61,jobtag_v7
携帯電話販売,Sales,販売の職業,occ-450,450,3694000,143089,大学院卒,https://shigoto.mhlw.go.jp/User/Occupation/Detail/450,jobtag_v7
書店員,Sales,販売の職業,occ-68,68,3694000,143090,大学院卒,https://shigoto.mhlw.go.jp/User/Occupation/Detail/68,jobtag_v7
空港グランドスタッフ,Sales,販売の職業,occ-194,194,5060000,108915,大学卒,https://shigoto.mhlw.go.jp/User/Occupation/Detail/194,jobtag_v7
自動車営業,Sales,販売の職業,occ-60,60,5940000,193760,大学卒,https://shigoto.mhlw.go.jp/User/Occupation/Detail/60,jobtag_v7
自転車販売,Sales,販売の職業,occ-467,467,3694000,143090,大学院卒,https://shigoto.mhlw.go.jp/User/Occupation/Detail/467,jobtag_v7
衣料品販売,Sales,販売の職業,occ-73,73,3694000,143089,大学院卒,https://shigoto.mhlw.go.jp/User/Occupation/Detail/73,jobtag_v7
証券外務員,Sales,販売の職業,occ-463,463,6623000,97110,大学院卒,https://shigoto.mhlw.go.jp/User/Occupation/Detail/463,jobtag_v7
銀行・信用金庫渉外担当,Sales,販売の職業,occ-454,454,6311000,155683,大学院卒,https://shigoto.mhlw.go.jp/User/Occupation/Detail/454,jobtag_v7
電器店店員,Sales,販売の職業,occ-67,67,3694000,143089,大学院卒,https://shigoto.mhlw.go.jp/User/Occupation/Detail/67,jobtag_v7
食品営業（食品メーカー）,Sales,販売の職業,occ-527,527,6183000,351792,大学院卒,https://shigoto.mhlw.go.jp/User/Occupation/Detail/527,jobtag_v7
駅構内売店店員,Sales,販売の職業,occ-77,77,3694000,143090,大学院卒,https://shigoto.mhlw.go.jp/User/Occupation/Detail/77,jobtag_v7
入国警備官,Security,保安職業,occ-143,143,3292000,16944,大学院卒,https://shigoto.mhlw.go.jp/User/Occupation/Detail/143,jobtag_v7
冷凍加工食品製造,Security,保安職業,occ-7,7,3662000,613740,専門学校卒,https://shigoto.mhlw.go.jp/User/Occupation/Detail/7,jobtag_v7
刑務官,Security,保安職業,occ-148,148,6000000,7335,大学院卒,https://shigoto.mhlw.go.jp/User/Occupation/Detail/148,jobtag_v7
救急救命士,Security,保安職業,occ-401,401,3292000,74290,大学院卒,https://shigoto.mhlw.go.jp/User/Occupation/Detail/401,jobtag_v7
施設警備員,Security,保安職業,occ-241,241,3538000,374690,大学院卒,https://shigoto.mhlw.go.jp/User/Occupation/Detail/241,jobtag_v7
水族館飼育員,Security,保安職業,occ-224,224,3518000,16990,大学卒,https://shigoto.mhlw.go.jp/User/Occupation/Detail/224,jobtag_v7
海上保安官,Security,保安職業,occ-141,141,6800000,125580,大学院卒,https://shigoto.mhlw.go.jp/User/Occupation/Detail/141,jobtag_v7
海上自衛官,Security,保安職業,occ-153,153,6400000,76794,大学院卒,https://shigoto.mhlw.go.jp/User/Occupation/Detail/153,jobtag_v7
消防官,Security,保安職業,occ-155,155,3292000,74290,大学院卒,https://shigoto.mhlw.go.jp/User/Occupation/Detail/155,jobtag_v7
潜水士,Security,保安職業,occ-33,33,4534000,323765,大学卒,https://shigoto.mhlw.go.jp/User/Occupation/Detail/33,jobtag_v7
税関職員,Security,保安職業,occ-578,578,3292000,16944,専門学校卒,https://shigoto.mhlw.go.jp/User/Occupation/Detail/578,jobtag_v7
自然保護官（レンジャー）,Security,保安職業,occ-501,501,3292000,16944,,https://shigoto.mhlw.go.jp/User/Occupation/Detail/501,jobtag_v7
航空自衛官,Security,保安職業,occ-154,154,6400000,76793,大学院卒,https://shigoto.mhlw.go.jp/User/Occupation/Detail/154,jobtag_v7
警察官（都道府県警察）,Security,保安職業,occ-140,140,6800000,125580,大学院卒,https://shigoto.mhlw.go.jp/User/Occupation/Detail/140,jobtag_v7
道路パトロール隊員,Security,保安職業,occ-199,199,3292000,16944,高卒,https://shigoto.mhlw.go.jp/User/Occupation/Detail/199,jobtag_v7
陸上自衛官,Security,保安職業,occ-152,152,6400000,76793,大学院卒,https://shigoto.mhlw.go.jp/User/Occupation/Detail/152,jobtag_v7
雑踏・交通誘導警備員,Security,保安職業,occ-475,475,3292000,16944,大学院卒,https://shigoto.mhlw.go.jp/User/Occupation/Detail/475,jobtag_v7
麻薬取締官,Security,保安職業,occ-142,142,6000000,7335,大学院卒,https://shigoto.mhlw.go.jp/User/Occupation/Detail/142,jobtag_v7
きもの着付指導員,Service,サービス職業,occ-423,423,3295000,39740,大学院卒,https://shigoto.mhlw.go.jp/User/Occupation/Detail/423,jobtag_v7
すし職人,Service,サービス職業,occ-101,101,3695000,227809,専門学校卒,https://shigoto.mhlw.go.jp/User/Occupation/Detail/101,jobtag_v7
そば・うどん調理人,Service,サービス職業,occ-102,102,3695000,227809,専門学校卒,https://shigoto.mhlw.go.jp/User/Occupation/Detail/102,jobtag_v7
アロマセラピスト,Service,サービス職業,occ-420,420,3960000,91318,専門学校卒,https://shigoto.mhlw.go.jp/User/Occupation/Detail/420,jobtag_v7
エステティシャン,Service,サービス職業,occ-117,117,3295000,39740,専門学校卒,https://shigoto.mhlw.go.jp/User/Occupation/Detail/117,jobtag_v7
キャディ,Service,サービス職業,occ-113,113,3730000,204155,高卒,https://shigoto.mhlw.go.jp/User/Occupation/Detail/113,jobtag_v7
クリーニング師,Service,サービス職業,occ-119,119,2971000,104820,大学院卒,https://shigoto.mhlw.go.jp/User/Occupation/Detail/119,jobtag_v7
ソムリエ,Service,サービス職業,occ-106,106,3584000,147837,大学院卒,https://shigoto.mhlw.go.jp/User/Occupation/Detail/106,jobtag_v7
ツアーコンダクター,Service,サービス職業,occ-110,110,3960000,7930,大学卒,https://shigoto.mhlw.go.jp/User/Occupation/Detail/110,jobtag_v7
トリマー,Service,サービス職業,occ-227,227,3960000,91318,専門学校卒,https://shigoto.mhlw.go.jp/User/Occupation/Detail/227,jobtag_v7
ネイリスト,Service,サービス職業,occ-128,128,3295000,39740,専門学校卒,https://shigoto.mhlw.go.jp/User/Occupation/Detail/128,jobtag_v7
バーテンダー,Service,サービス職業,occ-107,107,3695000,7330,大学院卒,https://shigoto.mhlw.go.jp/User/Occupation/Detail/107,jobtag_v7
ビデオレンタル店店員,Service,サービス職業,occ-123,123,3960000,21254,大学卒,https://shigoto.mhlw.go.jp/User/Occupation/Detail/123,jobtag_v7
フロント（ホテル・旅館）,Service,サービス職業,occ-414,414,3383000,147837,大学卒,https://shigoto.mhlw.go.jp/User/Occupation/Detail/414,jobtag_v7
ブライダルコーディネーター,Service,サービス職業,occ-125,125,3960000,91318,大学卒,https://shigoto.mhlw.go.jp/User/Occupation/Detail/125,jobtag_v7
ベビーシッター,Service,サービス職業,occ-413,413,3960000,13570,専門学校卒,https://shigoto.mhlw.go.jp/User/Occupation/Detail/413,jobtag_v7
ホテル・旅館支配人,Service,サービス職業,occ-52,52,3383000,24510,高卒,https://shigoto.mhlw.go.jp/User/Occupation/Detail/52,jobtag_v7
ホールスタッフ（レストラン）,Service,サービス職業,occ-417,417,3584000,147837,大学院卒,https://shigoto.mhlw.go.jp/User/Occupation/Detail/417,jobtag_v7
マンション管理員,Service,サービス職業,occ-473,473,4175000,146920,学歴不問,https://shigoto.mhlw.go.jp/User/Occupation/Detail/473,jobtag_v7
メイクアップアーティスト,Service,サービス職業,occ-118,118,3717000,175530,大学院卒,https://shigoto.mhlw.go.jp/User/Occupation/Detail/118,jobtag_v7
ラーメン調理人,Service,サービス職業,occ-108,108,3695000,227809,大学院卒,https://shigoto.mhlw.go.jp/User/Occupation/Detail/108,jobtag_v7
リフレクソロジスト,Service,サービス職業,occ-421,421,3960000,91318,専門学校卒,https://shigoto.mhlw.go.jp/User/Occupation/Detail/421,jobtag_v7
レンタカー店舗スタッフ,Service,サービス職業,occ-124,124,3960000,21253,大学院卒,https://shigoto.mhlw.go.jp/User/Occupation/Detail/124,jobtag_v7
中華料理調理人,Service,サービス職業,occ-103,103,3695000,227809,専門学校卒,https://shigoto.mhlw.go.jp/User/Occupation/Detail/103,jobtag_v7
介護支援専門員/ケアマネジャー,Service,サービス職業,occ-132,132,4296000,48429,大学院卒,https://shigoto.mhlw.go.jp/User/Occupation/Detail/132,jobtag_v7
児童発達支援管理責任者,Service,サービス職業,occ-568,568,4410000,48429,大学卒,https://shigoto.mhlw.go.jp/User/Occupation/Detail/568,jobtag_v7
児童相談所相談員,Service,サービス職業,occ-129,129,4410000,48428,大学院卒,https://shigoto.mhlw.go.jp/User/Occupation/Detail/129,jobtag_v7
医療ソーシャルワーカー,Service,サービス職業,occ-408,408,4410000,48428,大学院卒,https://shigoto.mhlw.go.jp/User/Occupation/Detail/408,jobtag_v7
客室乗務員,Service,サービス職業,occ-205,205,5961000,147836,短大卒,https://shigoto.mhlw.go.jp/User/Occupation/Detail/205,jobtag_v7
家政婦（夫）,Service,サービス職業,occ-126,126,3960000,7250,大学院卒,https://shigoto.mhlw.go.jp/User/Occupation/Detail/126,jobtag_v7
接客担当（ホテル・旅館）,Service,サービス職業,occ-416,416,3383000,147836,大学院卒,https://shigoto.mhlw.go.jp/User/Occupation/Detail/416,jobtag_v7
施設介護員,Service,サービス職業,occ-134,134,3760000,1358960,大学卒,https://shigoto.mhlw.go.jp/User/Occupation/Detail/134,jobtag_v7
施設管理者（介護施設）,Service,サービス職業,occ-410,410,4410000,48428,大学院卒,https://shigoto.mhlw.go.jp/User/Occupation/Detail/410,jobtag_v7
日本料理調理人（板前）,Service,サービス職業,occ-100,100,3695000,227809,大学卒,https://shigoto.mhlw.go.jp/User/Occupation/Detail/100,jobtag_v7
洋菓子製造、パティシエ,Service,サービス職業,occ-3,3,3662000,409160,専門学校卒,https://shigoto.mhlw.go.jp/User/Occupation/Detail/3,jobtag_v7
理容師,Service,サービス職業,occ-115,115,3717000,140770,大学院卒,https://shigoto.mhlw.go.jp/User/Occupation/Detail/115,jobtag_v7
福祉ソーシャルワーカー,Service,サービス職業,occ-409,409,4410000,48428,大学院卒,https://shigoto.mhlw.go.jp/User/Occupation/Detail/409,jobtag_v7
福祉事務所ケースワーカー,Service,サービス職業,occ-130,130,4410000,48428,大学院卒,https://shigoto.mhlw.go.jp/User/Occupation/Detail/130,jobtag_v7
福祉用具専門相談員,Service,サービス職業,occ-137,137,3960000,21253,大学院卒,https://shigoto.mhlw.go.jp/User/Occupation/Detail/137,jobtag_v7
納棺師,Service,サービス職業,occ-569,569,3960000,24600,専門学校卒,https://shigoto.mhlw.go.jp/User/Occupation/Detail/569,jobtag_v7
給食調理員,Service,サービス職業,occ-493,493,3695000,227809,専門学校卒,https://shigoto.mhlw.go.jp/User/Occupation/Detail/493,jobtag_v7
美容師,Service,サービス職業,occ-116,116,3717000,175530,大学院卒,https://shigoto.mhlw.go.jp/User/Occupation/Detail/116,jobtag_v7
老人福祉施設生活相談員,Service,サービス職業,occ-245,245,4410000,48428,大学院卒,https://shigoto.mhlw.go.jp/User/Occupation/Detail/245,jobtag_v7
葬祭ディレクター,Service,サービス職業,occ-422,422,3960000,24600,専門学校卒,https://shigoto.mhlw.go.jp/User/Occupation/Detail/422,jobtag_v7
西洋料理調理人（コック）,Service,サービス職業,occ-99,99,3695000,227808,専門学校卒,https://shigoto.mhlw.go.jp/User/Occupation/Detail/99,jobtag_v7
訪問介護のサービス提供責任者,Service,サービス職業,occ-555,555,4296000,48428,大学院卒,https://shigoto.mhlw.go.jp/User/Occupation/Detail/555,jobtag_v7
訪問介護員/ホームヘルパー,Service,サービス職業,occ-133,133,3812000,275770,大学院卒,https://shigoto.mhlw.go.jp/User/Occupation/Detail/133,jobtag_v7
調理補助,Service,サービス職業,occ-492,492,3695000,227808,大学院卒,https://shigoto.mhlw.go.jp/User/Occupation/Detail/492,jobtag_v7
通訳ガイド,Service,サービス職業,occ-114,114,3960000,7930,大学院卒,https://shigoto.mhlw.go.jp/User/Occupation/Detail/114,jobtag_v7
遊園地スタッフ,Service,サービス職業,occ-112,112,3730000,204155,大学院卒,https://shigoto.mhlw.go.jp/User/Occupation/Detail/112,jobtag_v7
障害福祉サービス管理責任者,Service,サービス職業,occ-580,580,4410000,48428,大学卒,https://shigoto.mhlw.go.jp/User/Occupation/Detail/580,jobtag_v7
障害者グループホーム世話人,Service,サービス職業,occ-556,556,3960000,91318,大学院卒,https://shigoto.mhlw.go.jp/User/Occupation/Detail/556,jobtag_v7
障害者福祉施設指導専門員（生活支援員、就労支援員等）,Service,サービス職業,occ-244,244,4410000,48428,大学卒,https://shigoto.mhlw.go.jp/User/Occupation/Detail/244,jobtag_v7
飲食チェーン店店員,Service,サービス職業,occ-418,418,3584000,147837,大学院卒,https://shigoto.mhlw.go.jp/User/Occupation/Detail/418,jobtag_v7
駐車場管理,Service,サービス職業,occ-96,96,4175000,50230,大学院卒,https://shigoto.mhlw.go.jp/User/Occupation/Detail/96,jobtag_v7
さく井工/ボーリング工,Transportation & Machine Operation,輸送・機械運転の職業,occ-35,35,4650000,43415,大学卒,https://shigoto.mhlw.go.jp/User/Occupation/Detail/35,jobtag_v7
クレーン運転士,Transportation & Machine Operation,輸送・機械運転の職業,occ-549,549,5269000,48070,大学院卒,https://shigoto.mhlw.go.jp/User/Occupation/Detail/549,jobtag_v7
タクシー運転手,Transportation & Machine Operation,輸送・機械運転の職業,occ-188,188,4149000,160647,大学院卒,https://shigoto.mhlw.go.jp/User/Occupation/Detail/188,jobtag_v7
タンクローリー乗務員,Transportation & Machine Operation,輸送・機械運転の職業,occ-525,525,4919000,160647,大学院卒,https://shigoto.mhlw.go.jp/User/Occupation/Detail/525,jobtag_v7
ダンプカー運転手,Transportation & Machine Operation,輸送・機械運転の職業,occ-479,479,4919000,160647,大学院卒,https://shigoto.mhlw.go.jp/User/Occupation/Detail/479,jobtag_v7
トラックドライバー,Transportation & Machine Operation,輸送・機械運転の職業,occ-477,477,4919000,160647,大学院卒,https://shigoto.mhlw.go.jp/User/Occupation/Detail/477,jobtag_v7
トレーラートラックドライバー,Transportation & Machine Operation,輸送・機械運転の職業,occ-478,478,4919000,160647,大学院卒,https://shigoto.mhlw.go.jp/User/Occupation/Detail/478,jobtag_v7
ドローンパイロット,Transportation & Machine Operation,輸送・機械運転の職業,occ-511,511,4673000,50350,大学卒,https://shigoto.mhlw.go.jp/User/Occupation/Detail/511,jobtag_v7
パイロット,Transportation & Machine Operation,輸送・機械運転の職業,occ-189,189,16971000,7040,大学院卒,https://shigoto.mhlw.go.jp/User/Occupation/Detail/189,jobtag_v7
ビル施設管理,Transportation & Machine Operation,輸送・機械運転の職業,occ-95,95,4580000,157500,大学院卒,https://shigoto.mhlw.go.jp/User/Occupation/Detail/95,jobtag_v7
フォークリフト運転作業員,Transportation & Machine Operation,輸送・機械運転の職業,occ-237,237,4673000,50350,大学院卒,https://shigoto.mhlw.go.jp/User/Occupation/Detail/237,jobtag_v7
フードデリバリー（料理配達員）,Transportation & Machine Operation,輸送・機械運転の職業,occ-532,532,3945000,139236,大学院卒,https://shigoto.mhlw.go.jp/User/Occupation/Detail/532,jobtag_v7
ボイラーオペレーター,Transportation & Machine Operation,輸送・機械運転の職業,occ-476,476,4580000,7550,大学院卒,https://shigoto.mhlw.go.jp/User/Occupation/Detail/476,jobtag_v7
ルート配送ドライバー,Transportation & Machine Operation,輸送・機械運転の職業,occ-482,482,3945000,139236,大学院卒,https://shigoto.mhlw.go.jp/User/Occupation/Detail/482,jobtag_v7
介護タクシー運転手,Transportation & Machine Operation,輸送・機械運転の職業,occ-481,481,4149000,160647,大学院卒,https://shigoto.mhlw.go.jp/User/Occupation/Detail/481,jobtag_v7
宅配便配達員,Transportation & Machine Operation,輸送・機械運転の職業,occ-483,483,3945000,139236,大学院卒,https://shigoto.mhlw.go.jp/User/Occupation/Detail/483,jobtag_v7
建設機械オペレーター,Transportation & Machine Operation,輸送・機械運転の職業,occ-31,31,4650000,43415,大学院卒,https://shigoto.mhlw.go.jp/User/Occupation/Detail/31,jobtag_v7
新聞配達員,Transportation & Machine Operation,輸送・機械運転の職業,occ-484,484,3945000,139236,中学卒,https://shigoto.mhlw.go.jp/User/Occupation/Detail/484,jobtag_v7
清涼飲料ルートセールス,Transportation & Machine Operation,輸送・機械運転の職業,occ-466,466,3945000,139236,大学院卒,https://shigoto.mhlw.go.jp/User/Occupation/Detail/466,jobtag_v7
産業廃棄物収集運搬作業員,Transportation & Machine Operation,輸送・機械運転の職業,occ-496,496,3998000,119970,専門学校卒,https://shigoto.mhlw.go.jp/User/Occupation/Detail/496,jobtag_v7
発電所運転管理,Transportation & Machine Operation,輸送・機械運転の職業,occ-302,302,6586000,34390,大学卒,https://shigoto.mhlw.go.jp/User/Occupation/Detail/302,jobtag_v7
航海士,Transportation & Machine Operation,輸送・機械運転の職業,occ-190,190,4673000,14390,大学院卒,https://shigoto.mhlw.go.jp/User/Occupation/Detail/190,jobtag_v7
船舶機関士,Transportation & Machine Operation,輸送・機械運転の職業,occ-191,191,4673000,6470,大学院卒,https://shigoto.mhlw.go.jp/User/Occupation/Detail/191,jobtag_v7
観光バスガイド,Transportation & Machine Operation,輸送・機械運転の職業,occ-111,111,5624000,11530,専門学校卒,https://shigoto.mhlw.go.jp/User/Occupation/Detail/111,jobtag_v7
観光バス運転士,Transportation & Machine Operation,輸送・機械運転の職業,occ-187,187,4611000,160646,学歴不問,https://shigoto.mhlw.go.jp/User/Occupation/Detail/187,jobtag_v7
路線バス運転士,Transportation & Machine Operation,輸送・機械運転の職業,occ-186,186,4611000,160646,学歴不問,https://shigoto.mhlw.go.jp/User/Occupation/Detail/186,jobtag_v7
送迎バス等運転手,Transportation & Machine Operation,輸送・機械運転の職業,occ-480,480,4611000,160646,大学院卒,https://shigoto.mhlw.go.jp/User/Occupation/Detail/480,jobtag_v7
鉄道車掌,Transportation & Machine Operation,輸送・機械運転の職業,occ-193,193,5624000,11530,大学院卒,https://shigoto.mhlw.go.jp/User/Occupation/Detail/193,jobtag_v7
電車運転士,Transportation & Machine Operation,輸送・機械運転の職業,occ-192,192,6677000,37130,大学院卒,https://shigoto.mhlw.go.jp/User/Occupation/Detail/192,jobtag_v7
